Local authority,Year,Dwelling type,Units granted
Ireland,2018,One off houses,5481
Ireland,2018,Multi development houses,14483
Ireland,2018,All houses,19964
Ireland,2018,Apartments,8975
Ireland,2019,One off houses,5622
Ireland,2019,Multi development houses,13941
Ireland,2019,All houses,19563
Ireland,2019,Apartments,18898
Ireland,2020,One off houses,5292
Ireland,2020,Multi development houses,12417
Ireland,2020,All houses,17709
Ireland,2020,Apartments,24662
Ireland,2021,One off houses,7499
Ireland,2021,Multi development houses,9220
Ireland,2021,All houses,16719
Ireland,2021,Apartments,26272
Ireland,2022,One off houses,6924
Ireland,2022,Multi development houses,10530
Ireland,2022,All houses,17454
Ireland,2022,Apartments,16723
Ireland,2023,One off houses,5032
Ireland,2023,Multi development houses,14706
Ireland,2023,All houses,19738
Ireland,2023,Apartments,21487
Ireland,2024,One off houses,4906
Ireland,2024,Multi development houses,14301
Ireland,2024,All houses,19207
Ireland,2024,Apartments,13194
Ireland,2025,One off houses,5095
Ireland,2025,Multi development houses,15520
Ireland,2025,All houses,20615
Ireland,2025,Apartments,14359
Ireland,2026,One off houses,2611
Ireland,2026,Multi development houses,8603
Ireland,2026,All houses,11214
Ireland,2026,Apartments,8790
Carlow County Council,2018,One off houses,60
Carlow County Council,2018,Multi development houses,39
Carlow County Council,2018,All houses,99
Carlow County Council,2018,Apartments,11
Carlow County Council,2019,One off houses,85
Carlow County Council,2019,Multi development houses,136
Carlow County Council,2019,All houses,221
Carlow County Council,2019,Apartments,26
Carlow County Council,2020,One off houses,70
Carlow County Council,2020,Multi development houses,128
Carlow County Council,2020,All houses,198
Carlow County Council,2020,Apartments,23
Carlow County Council,2021,One off houses,107
Carlow County Council,2021,Multi development houses,109
Carlow County Council,2021,All houses,216
Carlow County Council,2021,Apartments,40
Carlow County Council,2022,One off houses,101
Carlow County Council,2022,Multi development houses,111
Carlow County Council,2022,All houses,212
Carlow County Council,2022,Apartments,25
Carlow County Council,2023,One off houses,70
Carlow County Council,2023,Multi development houses,106
Carlow County Council,2023,All houses,176
Carlow County Council,2023,Apartments,18
Carlow County Council,2024,One off houses,43
Carlow County Council,2024,Multi development houses,58
Carlow County Council,2024,All houses,101
Carlow County Council,2024,Apartments,58
Carlow County Council,2025,One off houses,71
Carlow County Council,2025,Multi development houses,132
Carlow County Council,2025,All houses,203
Carlow County Council,2025,Apartments,36
Carlow County Council,2026,One off houses,42
Carlow County Council,2026,Multi development houses,237
Carlow County Council,2026,All houses,279
Carlow County Council,2026,Apartments,23
Dublin City Council,2018,One off houses,135
Dublin City Council,2018,Multi development houses,288
Dublin City Council,2018,All houses,423
Dublin City Council,2018,Apartments,1914
Dublin City Council,2019,One off houses,142
Dublin City Council,2019,Multi development houses,226
Dublin City Council,2019,All houses,368
Dublin City Council,2019,Apartments,6336
Dublin City Council,2020,One off houses,109
Dublin City Council,2020,Multi development houses,93
Dublin City Council,2020,All houses,202
Dublin City Council,2020,Apartments,9042
Dublin City Council,2021,One off houses,102
Dublin City Council,2021,Multi development houses,96
Dublin City Council,2021,All houses,198
Dublin City Council,2021,Apartments,10222
Dublin City Council,2022,One off houses,86
Dublin City Council,2022,Multi development houses,50
Dublin City Council,2022,All houses,136
Dublin City Council,2022,Apartments,6290
Dublin City Council,2023,One off houses,95
Dublin City Council,2023,Multi development houses,426
Dublin City Council,2023,All houses,521
Dublin City Council,2023,Apartments,4601
Dublin City Council,2024,One off houses,104
Dublin City Council,2024,Multi development houses,131
Dublin City Council,2024,All houses,235
Dublin City Council,2024,Apartments,2066
Dublin City Council,2025,One off houses,92
Dublin City Council,2025,Multi development houses,112
Dublin City Council,2025,All houses,204
Dublin City Council,2025,Apartments,3106
Dublin City Council,2026,One off houses,54
Dublin City Council,2026,Multi development houses,40
Dublin City Council,2026,All houses,94
Dublin City Council,2026,Apartments,972
Dún Laoghaire Rathdown County Council,2018,One off houses,81
Dún Laoghaire Rathdown County Council,2018,Multi development houses,704
Dún Laoghaire Rathdown County Council,2018,All houses,785
Dún Laoghaire Rathdown County Council,2018,Apartments,2179
Dún Laoghaire Rathdown County Council,2019,One off houses,102
Dún Laoghaire Rathdown County Council,2019,Multi development houses,377
Dún Laoghaire Rathdown County Council,2019,All houses,479
Dún Laoghaire Rathdown County Council,2019,Apartments,3989
Dún Laoghaire Rathdown County Council,2020,One off houses,74
Dún Laoghaire Rathdown County Council,2020,Multi development houses,433
Dún Laoghaire Rathdown County Council,2020,All houses,507
Dún Laoghaire Rathdown County Council,2020,Apartments,3158
Dún Laoghaire Rathdown County Council,2021,One off houses,57
Dún Laoghaire Rathdown County Council,2021,Multi development houses,239
Dún Laoghaire Rathdown County Council,2021,All houses,296
Dún Laoghaire Rathdown County Council,2021,Apartments,3656
Dún Laoghaire Rathdown County Council,2022,One off houses,58
Dún Laoghaire Rathdown County Council,2022,Multi development houses,113
Dún Laoghaire Rathdown County Council,2022,All houses,171
Dún Laoghaire Rathdown County Council,2022,Apartments,2647
Dún Laoghaire Rathdown County Council,2023,One off houses,75
Dún Laoghaire Rathdown County Council,2023,Multi development houses,165
Dún Laoghaire Rathdown County Council,2023,All houses,240
Dún Laoghaire Rathdown County Council,2023,Apartments,2880
Dún Laoghaire Rathdown County Council,2024,One off houses,64
Dún Laoghaire Rathdown County Council,2024,Multi development houses,179
Dún Laoghaire Rathdown County Council,2024,All houses,243
Dún Laoghaire Rathdown County Council,2024,Apartments,1156
Dún Laoghaire Rathdown County Council,2025,One off houses,65
Dún Laoghaire Rathdown County Council,2025,Multi development houses,162
Dún Laoghaire Rathdown County Council,2025,All houses,227
Dún Laoghaire Rathdown County Council,2025,Apartments,1578
Dún Laoghaire Rathdown County Council,2026,One off houses,41
Dún Laoghaire Rathdown County Council,2026,Multi development houses,165
Dún Laoghaire Rathdown County Council,2026,All houses,206
Dún Laoghaire Rathdown County Council,2026,Apartments,747
Fingal County Council,2018,One off houses,133
Fingal County Council,2018,Multi development houses,1038
Fingal County Council,2018,All houses,1171
Fingal County Council,2018,Apartments,695
Fingal County Council,2019,One off houses,83
Fingal County Council,2019,Multi development houses,341
Fingal County Council,2019,All houses,424
Fingal County Council,2019,Apartments,1358
Fingal County Council,2020,One off houses,72
Fingal County Council,2020,Multi development houses,559
Fingal County Council,2020,All houses,631
Fingal County Council,2020,Apartments,1834
Fingal County Council,2021,One off houses,94
Fingal County Council,2021,Multi development houses,401
Fingal County Council,2021,All houses,495
Fingal County Council,2021,Apartments,3404
Fingal County Council,2022,One off houses,74
Fingal County Council,2022,Multi development houses,701
Fingal County Council,2022,All houses,775
Fingal County Council,2022,Apartments,1373
Fingal County Council,2023,One off houses,82
Fingal County Council,2023,Multi development houses,3259
Fingal County Council,2023,All houses,3341
Fingal County Council,2023,Apartments,5483
Fingal County Council,2024,One off houses,107
Fingal County Council,2024,Multi development houses,1320
Fingal County Council,2024,All houses,1427
Fingal County Council,2024,Apartments,2011
Fingal County Council,2025,One off houses,95
Fingal County Council,2025,Multi development houses,1153
Fingal County Council,2025,All houses,1248
Fingal County Council,2025,Apartments,1368
Fingal County Council,2026,One off houses,34
Fingal County Council,2026,Multi development houses,350
Fingal County Council,2026,All houses,384
Fingal County Council,2026,Apartments,180
South Dublin County Council,2018,One off houses,58
South Dublin County Council,2018,Multi development houses,1311
South Dublin County Council,2018,All houses,1369
South Dublin County Council,2018,Apartments,621
South Dublin County Council,2019,One off houses,55
South Dublin County Council,2019,Multi development houses,957
South Dublin County Council,2019,All houses,1012
South Dublin County Council,2019,Apartments,1112
South Dublin County Council,2020,One off houses,54
South Dublin County Council,2020,Multi development houses,320
South Dublin County Council,2020,All houses,374
South Dublin County Council,2020,Apartments,3992
South Dublin County Council,2021,One off houses,36
South Dublin County Council,2021,Multi development houses,168
South Dublin County Council,2021,All houses,204
South Dublin County Council,2021,Apartments,1626
South Dublin County Council,2022,One off houses,31
South Dublin County Council,2022,Multi development houses,240
South Dublin County Council,2022,All houses,271
South Dublin County Council,2022,Apartments,493
South Dublin County Council,2023,One off houses,41
South Dublin County Council,2023,Multi development houses,633
South Dublin County Council,2023,All houses,674
South Dublin County Council,2023,Apartments,869
South Dublin County Council,2024,One off houses,34
South Dublin County Council,2024,Multi development houses,325
South Dublin County Council,2024,All houses,359
South Dublin County Council,2024,Apartments,889
South Dublin County Council,2025,One off houses,30
South Dublin County Council,2025,Multi development houses,277
South Dublin County Council,2025,All houses,307
South Dublin County Council,2025,Apartments,1314
South Dublin County Council,2026,One off houses,20
South Dublin County Council,2026,Multi development houses,513
South Dublin County Council,2026,All houses,533
South Dublin County Council,2026,Apartments,1577
Kildare County Council,2018,One off houses,189
Kildare County Council,2018,Multi development houses,2151
Kildare County Council,2018,All houses,2340
Kildare County Council,2018,Apartments,722
Kildare County Council,2019,One off houses,161
Kildare County Council,2019,Multi development houses,1406
Kildare County Council,2019,All houses,1567
Kildare County Council,2019,Apartments,576
Kildare County Council,2020,One off houses,186
Kildare County Council,2020,Multi development houses,1970
Kildare County Council,2020,All houses,2156
Kildare County Council,2020,Apartments,1290
Kildare County Council,2021,One off houses,163
Kildare County Council,2021,Multi development houses,752
Kildare County Council,2021,All houses,915
Kildare County Council,2021,Apartments,634
Kildare County Council,2022,One off houses,143
Kildare County Council,2022,Multi development houses,844
Kildare County Council,2022,All houses,987
Kildare County Council,2022,Apartments,656
Kildare County Council,2023,One off houses,133
Kildare County Council,2023,Multi development houses,372
Kildare County Council,2023,All houses,505
Kildare County Council,2023,Apartments,501
Kildare County Council,2024,One off houses,123
Kildare County Council,2024,Multi development houses,1115
Kildare County Council,2024,All houses,1238
Kildare County Council,2024,Apartments,636
Kildare County Council,2025,One off houses,126
Kildare County Council,2025,Multi development houses,883
Kildare County Council,2025,All houses,1009
Kildare County Council,2025,Apartments,405
Kildare County Council,2026,One off houses,55
Kildare County Council,2026,Multi development houses,182
Kildare County Council,2026,All houses,237
Kildare County Council,2026,Apartments,304
Kilkenny County Council,2018,One off houses,158
Kilkenny County Council,2018,Multi development houses,219
Kilkenny County Council,2018,All houses,377
Kilkenny County Council,2018,Apartments,64
Kilkenny County Council,2019,One off houses,191
Kilkenny County Council,2019,Multi development houses,327
Kilkenny County Council,2019,All houses,518
Kilkenny County Council,2019,Apartments,72
Kilkenny County Council,2020,One off houses,200
Kilkenny County Council,2020,Multi development houses,208
Kilkenny County Council,2020,All houses,408
Kilkenny County Council,2020,Apartments,91
Kilkenny County Council,2021,One off houses,252
Kilkenny County Council,2021,Multi development houses,446
Kilkenny County Council,2021,All houses,698
Kilkenny County Council,2021,Apartments,264
Kilkenny County Council,2022,One off houses,193
Kilkenny County Council,2022,Multi development houses,255
Kilkenny County Council,2022,All houses,448
Kilkenny County Council,2022,Apartments,148
Kilkenny County Council,2023,One off houses,127
Kilkenny County Council,2023,Multi development houses,297
Kilkenny County Council,2023,All houses,424
Kilkenny County Council,2023,Apartments,206
Kilkenny County Council,2024,One off houses,133
Kilkenny County Council,2024,Multi development houses,226
Kilkenny County Council,2024,All houses,359
Kilkenny County Council,2024,Apartments,77
Kilkenny County Council,2025,One off houses,178
Kilkenny County Council,2025,Multi development houses,204
Kilkenny County Council,2025,All houses,382
Kilkenny County Council,2025,Apartments,87
Kilkenny County Council,2026,One off houses,99
Kilkenny County Council,2026,Multi development houses,135
Kilkenny County Council,2026,All houses,234
Kilkenny County Council,2026,Apartments,90
Laois County Council,2018,One off houses,138
Laois County Council,2018,Multi development houses,499
Laois County Council,2018,All houses,637
Laois County Council,2018,Apartments,14
Laois County Council,2019,One off houses,143
Laois County Council,2019,Multi development houses,509
Laois County Council,2019,All houses,652
Laois County Council,2019,Apartments,69
Laois County Council,2020,One off houses,153
Laois County Council,2020,Multi development houses,427
Laois County Council,2020,All houses,580
Laois County Council,2020,Apartments,142
Laois County Council,2021,One off houses,170
Laois County Council,2021,Multi development houses,234
Laois County Council,2021,All houses,404
Laois County Council,2021,Apartments,161
Laois County Council,2022,One off houses,181
Laois County Council,2022,Multi development houses,270
Laois County Council,2022,All houses,451
Laois County Council,2022,Apartments,13
Laois County Council,2023,One off houses,147
Laois County Council,2023,Multi development houses,157
Laois County Council,2023,All houses,304
Laois County Council,2023,Apartments,113
Laois County Council,2024,One off houses,118
Laois County Council,2024,Multi development houses,676
Laois County Council,2024,All houses,794
Laois County Council,2024,Apartments,77
Laois County Council,2025,One off houses,149
Laois County Council,2025,Multi development houses,643
Laois County Council,2025,All houses,792
Laois County Council,2025,Apartments,95
Laois County Council,2026,One off houses,69
Laois County Council,2026,Multi development houses,297
Laois County Council,2026,All houses,366
Laois County Council,2026,Apartments,37
Longford County Council,2018,One off houses,53
Longford County Council,2018,Multi development houses,27
Longford County Council,2018,All houses,80
Longford County Council,2018,Apartments,17
Longford County Council,2019,One off houses,80
Longford County Council,2019,Multi development houses,108
Longford County Council,2019,All houses,188
Longford County Council,2019,Apartments,2
Longford County Council,2020,One off houses,74
Longford County Council,2020,Multi development houses,128
Longford County Council,2020,All houses,202
Longford County Council,2020,Apartments,16
Longford County Council,2021,One off houses,90
Longford County Council,2021,Multi development houses,15
Longford County Council,2021,All houses,105
Longford County Council,2021,Apartments,6
Longford County Council,2022,One off houses,64
Longford County Council,2022,Multi development houses,12
Longford County Council,2022,All houses,76
Longford County Council,2022,Apartments,7
Longford County Council,2023,One off houses,43
Longford County Council,2023,Multi development houses,167
Longford County Council,2023,All houses,210
Longford County Council,2023,Apartments,61
Longford County Council,2024,One off houses,59
Longford County Council,2024,Multi development houses,28
Longford County Council,2024,All houses,87
Longford County Council,2024,Apartments,7
Longford County Council,2025,One off houses,44
Longford County Council,2025,Multi development houses,126
Longford County Council,2025,All houses,170
Longford County Council,2025,Apartments,15
Longford County Council,2026,One off houses,20
Longford County Council,2026,Multi development houses,2
Longford County Council,2026,All houses,22
Longford County Council,2026,Apartments,26
Louth County Council,2018,One off houses,143
Louth County Council,2018,Multi development houses,269
Louth County Council,2018,All houses,412
Louth County Council,2018,Apartments,273
Louth County Council,2019,One off houses,149
Louth County Council,2019,Multi development houses,540
Louth County Council,2019,All houses,689
Louth County Council,2019,Apartments,509
Louth County Council,2020,One off houses,125
Louth County Council,2020,Multi development houses,501
Louth County Council,2020,All houses,626
Louth County Council,2020,Apartments,501
Louth County Council,2021,One off houses,253
Louth County Council,2021,Multi development houses,162
Louth County Council,2021,All houses,415
Louth County Council,2021,Apartments,534
Louth County Council,2022,One off houses,130
Louth County Council,2022,Multi development houses,411
Louth County Council,2022,All houses,541
Louth County Council,2022,Apartments,450
Louth County Council,2023,One off houses,82
Louth County Council,2023,Multi development houses,1033
Louth County Council,2023,All houses,1115
Louth County Council,2023,Apartments,591
Louth County Council,2024,One off houses,72
Louth County Council,2024,Multi development houses,925
Louth County Council,2024,All houses,997
Louth County Council,2024,Apartments,935
Louth County Council,2025,One off houses,91
Louth County Council,2025,Multi development houses,908
Louth County Council,2025,All houses,999
Louth County Council,2025,Apartments,209
Louth County Council,2026,One off houses,39
Louth County Council,2026,Multi development houses,396
Louth County Council,2026,All houses,435
Louth County Council,2026,Apartments,121
Meath County Council,2018,One off houses,321
Meath County Council,2018,Multi development houses,1061
Meath County Council,2018,All houses,1382
Meath County Council,2018,Apartments,194
Meath County Council,2019,One off houses,315
Meath County Council,2019,Multi development houses,1437
Meath County Council,2019,All houses,1752
Meath County Council,2019,Apartments,1054
Meath County Council,2020,One off houses,469
Meath County Council,2020,Multi development houses,1115
Meath County Council,2020,All houses,1584
Meath County Council,2020,Apartments,862
Meath County Council,2021,One off houses,625
Meath County Council,2021,Multi development houses,513
Meath County Council,2021,All houses,1138
Meath County Council,2021,Apartments,563
Meath County Council,2022,One off houses,371
Meath County Council,2022,Multi development houses,597
Meath County Council,2022,All houses,968
Meath County Council,2022,Apartments,381
Meath County Council,2023,One off houses,234
Meath County Council,2023,Multi development houses,1054
Meath County Council,2023,All houses,1288
Meath County Council,2023,Apartments,685
Meath County Council,2024,One off houses,216
Meath County Council,2024,Multi development houses,828
Meath County Council,2024,All houses,1044
Meath County Council,2024,Apartments,359
Meath County Council,2025,One off houses,207
Meath County Council,2025,Multi development houses,1363
Meath County Council,2025,All houses,1570
Meath County Council,2025,Apartments,772
Meath County Council,2026,One off houses,100
Meath County Council,2026,Multi development houses,460
Meath County Council,2026,All houses,560
Meath County Council,2026,Apartments,68
Offaly County Council,2018,One off houses,133
Offaly County Council,2018,Multi development houses,269
Offaly County Council,2018,All houses,402
Offaly County Council,2018,Apartments,28
Offaly County Council,2019,One off houses,154
Offaly County Council,2019,Multi development houses,274
Offaly County Council,2019,All houses,428
Offaly County Council,2019,Apartments,13
Offaly County Council,2020,One off houses,122
Offaly County Council,2020,Multi development houses,174
Offaly County Council,2020,All houses,296
Offaly County Council,2020,Apartments,43
Offaly County Council,2021,One off houses,196
Offaly County Council,2021,Multi development houses,110
Offaly County Council,2021,All houses,306
Offaly County Council,2021,Apartments,52
Offaly County Council,2022,One off houses,179
Offaly County Council,2022,Multi development houses,189
Offaly County Council,2022,All houses,368
Offaly County Council,2022,Apartments,118
Offaly County Council,2023,One off houses,149
Offaly County Council,2023,Multi development houses,199
Offaly County Council,2023,All houses,348
Offaly County Council,2023,Apartments,91
Offaly County Council,2024,One off houses,101
Offaly County Council,2024,Multi development houses,304
Offaly County Council,2024,All houses,405
Offaly County Council,2024,Apartments,120
Offaly County Council,2025,One off houses,122
Offaly County Council,2025,Multi development houses,165
Offaly County Council,2025,All houses,287
Offaly County Council,2025,Apartments,90
Offaly County Council,2026,One off houses,67
Offaly County Council,2026,Multi development houses,113
Offaly County Council,2026,All houses,180
Offaly County Council,2026,Apartments,35
Westmeath County Council,2018,One off houses,115
Westmeath County Council,2018,Multi development houses,100
Westmeath County Council,2018,All houses,215
Westmeath County Council,2018,Apartments,35
Westmeath County Council,2019,One off houses,125
Westmeath County Council,2019,Multi development houses,120
Westmeath County Council,2019,All houses,245
Westmeath County Council,2019,Apartments,60
Westmeath County Council,2020,One off houses,130
Westmeath County Council,2020,Multi development houses,447
Westmeath County Council,2020,All houses,577
Westmeath County Council,2020,Apartments,320
Westmeath County Council,2021,One off houses,154
Westmeath County Council,2021,Multi development houses,421
Westmeath County Council,2021,All houses,575
Westmeath County Council,2021,Apartments,423
Westmeath County Council,2022,One off houses,180
Westmeath County Council,2022,Multi development houses,193
Westmeath County Council,2022,All houses,373
Westmeath County Council,2022,Apartments,237
Westmeath County Council,2023,One off houses,102
Westmeath County Council,2023,Multi development houses,652
Westmeath County Council,2023,All houses,754
Westmeath County Council,2023,Apartments,296
Westmeath County Council,2024,One off houses,118
Westmeath County Council,2024,Multi development houses,761
Westmeath County Council,2024,All houses,879
Westmeath County Council,2024,Apartments,370
Westmeath County Council,2025,One off houses,121
Westmeath County Council,2025,Multi development houses,694
Westmeath County Council,2025,All houses,815
Westmeath County Council,2025,Apartments,140
Westmeath County Council,2026,One off houses,62
Westmeath County Council,2026,Multi development houses,136
Westmeath County Council,2026,All houses,198
Westmeath County Council,2026,Apartments,44
Wexford County Council,2018,One off houses,285
Wexford County Council,2018,Multi development houses,583
Wexford County Council,2018,All houses,868
Wexford County Council,2018,Apartments,57
Wexford County Council,2019,One off houses,291
Wexford County Council,2019,Multi development houses,1131
Wexford County Council,2019,All houses,1422
Wexford County Council,2019,Apartments,288
Wexford County Council,2020,One off houses,286
Wexford County Council,2020,Multi development houses,584
Wexford County Council,2020,All houses,870
Wexford County Council,2020,Apartments,373
Wexford County Council,2021,One off houses,505
Wexford County Council,2021,Multi development houses,587
Wexford County Council,2021,All houses,1092
Wexford County Council,2021,Apartments,207
Wexford County Council,2022,One off houses,433
Wexford County Council,2022,Multi development houses,447
Wexford County Council,2022,All houses,880
Wexford County Council,2022,Apartments,151
Wexford County Council,2023,One off houses,273
Wexford County Council,2023,Multi development houses,797
Wexford County Council,2023,All houses,1070
Wexford County Council,2023,Apartments,225
Wexford County Council,2024,One off houses,240
Wexford County Council,2024,Multi development houses,416
Wexford County Council,2024,All houses,656
Wexford County Council,2024,Apartments,175
Wexford County Council,2025,One off houses,298
Wexford County Council,2025,Multi development houses,427
Wexford County Council,2025,All houses,725
Wexford County Council,2025,Apartments,270
Wexford County Council,2026,One off houses,164
Wexford County Council,2026,Multi development houses,429
Wexford County Council,2026,All houses,593
Wexford County Council,2026,Apartments,107
Wicklow County Council,2018,One off houses,175
Wicklow County Council,2018,Multi development houses,511
Wicklow County Council,2018,All houses,686
Wicklow County Council,2018,Apartments,108
Wicklow County Council,2019,One off houses,158
Wicklow County Council,2019,Multi development houses,493
Wicklow County Council,2019,All houses,651
Wicklow County Council,2019,Apartments,349
Wicklow County Council,2020,One off houses,160
Wicklow County Council,2020,Multi development houses,968
Wicklow County Council,2020,All houses,1128
Wicklow County Council,2020,Apartments,637
Wicklow County Council,2021,One off houses,207
Wicklow County Council,2021,Multi development houses,907
Wicklow County Council,2021,All houses,1114
Wicklow County Council,2021,Apartments,642
Wicklow County Council,2022,One off houses,204
Wicklow County Council,2022,Multi development houses,1082
Wicklow County Council,2022,All houses,1286
Wicklow County Council,2022,Apartments,483
Wicklow County Council,2023,One off houses,169
Wicklow County Council,2023,Multi development houses,197
Wicklow County Council,2023,All houses,366
Wicklow County Council,2023,Apartments,44
Wicklow County Council,2024,One off houses,147
Wicklow County Council,2024,Multi development houses,368
Wicklow County Council,2024,All houses,515
Wicklow County Council,2024,Apartments,622
Wicklow County Council,2025,One off houses,145
Wicklow County Council,2025,Multi development houses,1619
Wicklow County Council,2025,All houses,1764
Wicklow County Council,2025,Apartments,742
Wicklow County Council,2026,One off houses,85
Wicklow County Council,2026,Multi development houses,193
Wicklow County Council,2026,All houses,278
Wicklow County Council,2026,Apartments,185
Clare County Council,2018,One off houses,243
Clare County Council,2018,Multi development houses,185
Clare County Council,2018,All houses,428
Clare County Council,2018,Apartments,9
Clare County Council,2019,One off houses,220
Clare County Council,2019,Multi development houses,223
Clare County Council,2019,All houses,443
Clare County Council,2019,Apartments,33
Clare County Council,2020,One off houses,158
Clare County Council,2020,Multi development houses,236
Clare County Council,2020,All houses,394
Clare County Council,2020,Apartments,98
Clare County Council,2021,One off houses,292
Clare County Council,2021,Multi development houses,268
Clare County Council,2021,All houses,560
Clare County Council,2021,Apartments,45
Clare County Council,2022,One off houses,288
Clare County Council,2022,Multi development houses,292
Clare County Council,2022,All houses,580
Clare County Council,2022,Apartments,26
Clare County Council,2023,One off houses,260
Clare County Council,2023,Multi development houses,515
Clare County Council,2023,All houses,775
Clare County Council,2023,Apartments,63
Clare County Council,2024,One off houses,206
Clare County Council,2024,Multi development houses,214
Clare County Council,2024,All houses,420
Clare County Council,2024,Apartments,114
Clare County Council,2025,One off houses,268
Clare County Council,2025,Multi development houses,191
Clare County Council,2025,All houses,459
Clare County Council,2025,Apartments,136
Clare County Council,2026,One off houses,106
Clare County Council,2026,Multi development houses,534
Clare County Council,2026,All houses,640
Clare County Council,2026,Apartments,58
Cork City Council,2018,One off houses,30
Cork City Council,2018,Multi development houses,237
Cork City Council,2018,All houses,267
Cork City Council,2018,Apartments,758
Cork City Council,2019,One off houses,31
Cork City Council,2019,Multi development houses,115
Cork City Council,2019,All houses,146
Cork City Council,2019,Apartments,937
Cork City Council,2020,One off houses,50
Cork City Council,2020,Multi development houses,979
Cork City Council,2020,All houses,1029
Cork City Council,2020,Apartments,1016
Cork City Council,2021,One off houses,55
Cork City Council,2021,Multi development houses,390
Cork City Council,2021,All houses,445
Cork City Council,2021,Apartments,1617
Cork City Council,2022,One off houses,60
Cork City Council,2022,Multi development houses,623
Cork City Council,2022,All houses,683
Cork City Council,2022,Apartments,1426
Cork City Council,2023,One off houses,32
Cork City Council,2023,Multi development houses,423
Cork City Council,2023,All houses,455
Cork City Council,2023,Apartments,1856
Cork City Council,2024,One off houses,32
Cork City Council,2024,Multi development houses,701
Cork City Council,2024,All houses,733
Cork City Council,2024,Apartments,731
Cork City Council,2025,One off houses,43
Cork City Council,2025,Multi development houses,957
Cork City Council,2025,All houses,1000
Cork City Council,2025,Apartments,1679
Cork City Council,2026,One off houses,24
Cork City Council,2026,Multi development houses,499
Cork City Council,2026,All houses,523
Cork City Council,2026,Apartments,1461
Cork County Council,2018,One off houses,661
Cork County Council,2018,Multi development houses,2472
Cork County Council,2018,All houses,3133
Cork County Council,2018,Apartments,716
Cork County Council,2019,One off houses,673
Cork County Council,2019,Multi development houses,2211
Cork County Council,2019,All houses,2884
Cork County Council,2019,Apartments,596
Cork County Council,2020,One off houses,628
Cork County Council,2020,Multi development houses,1149
Cork County Council,2020,All houses,1777
Cork County Council,2020,Apartments,207
Cork County Council,2021,One off houses,746
Cork County Council,2021,Multi development houses,998
Cork County Council,2021,All houses,1744
Cork County Council,2021,Apartments,329
Cork County Council,2022,One off houses,781
Cork County Council,2022,Multi development houses,1031
Cork County Council,2022,All houses,1812
Cork County Council,2022,Apartments,431
Cork County Council,2023,One off houses,625
Cork County Council,2023,Multi development houses,1596
Cork County Council,2023,All houses,2221
Cork County Council,2023,Apartments,1062
Cork County Council,2024,One off houses,511
Cork County Council,2024,Multi development houses,1629
Cork County Council,2024,All houses,2140
Cork County Council,2024,Apartments,551
Cork County Council,2025,One off houses,519
Cork County Council,2025,Multi development houses,1613
Cork County Council,2025,All houses,2132
Cork County Council,2025,Apartments,512
Cork County Council,2026,One off houses,285
Cork County Council,2026,Multi development houses,1245
Cork County Council,2026,All houses,1530
Cork County Council,2026,Apartments,663
Kerry County Council,2018,One off houses,209
Kerry County Council,2018,Multi development houses,139
Kerry County Council,2018,All houses,348
Kerry County Council,2018,Apartments,48
Kerry County Council,2019,One off houses,257
Kerry County Council,2019,Multi development houses,163
Kerry County Council,2019,All houses,420
Kerry County Council,2019,Apartments,55
Kerry County Council,2020,One off houses,180
Kerry County Council,2020,Multi development houses,156
Kerry County Council,2020,All houses,336
Kerry County Council,2020,Apartments,23
Kerry County Council,2021,One off houses,284
Kerry County Council,2021,Multi development houses,150
Kerry County Council,2021,All houses,434
Kerry County Council,2021,Apartments,189
Kerry County Council,2022,One off houses,295
Kerry County Council,2022,Multi development houses,181
Kerry County Council,2022,All houses,476
Kerry County Council,2022,Apartments,132
Kerry County Council,2023,One off houses,205
Kerry County Council,2023,Multi development houses,132
Kerry County Council,2023,All houses,337
Kerry County Council,2023,Apartments,250
Kerry County Council,2024,One off houses,198
Kerry County Council,2024,Multi development houses,525
Kerry County Council,2024,All houses,723
Kerry County Council,2024,Apartments,408
Kerry County Council,2025,One off houses,202
Kerry County Council,2025,Multi development houses,254
Kerry County Council,2025,All houses,456
Kerry County Council,2025,Apartments,96
Kerry County Council,2026,One off houses,94
Kerry County Council,2026,Multi development houses,434
Kerry County Council,2026,All houses,528
Kerry County Council,2026,Apartments,120
Limerick City & County Council,2018,One off houses,224
Limerick City & County Council,2018,Multi development houses,575
Limerick City & County Council,2018,All houses,799
Limerick City & County Council,2018,Apartments,89
Limerick City & County Council,2019,One off houses,229
Limerick City & County Council,2019,Multi development houses,452
Limerick City & County Council,2019,All houses,681
Limerick City & County Council,2019,Apartments,155
Limerick City & County Council,2020,One off houses,225
Limerick City & County Council,2020,Multi development houses,308
Limerick City & County Council,2020,All houses,533
Limerick City & County Council,2020,Apartments,248
Limerick City & County Council,2021,One off houses,368
Limerick City & County Council,2021,Multi development houses,288
Limerick City & County Council,2021,All houses,656
Limerick City & County Council,2021,Apartments,403
Limerick City & County Council,2022,One off houses,402
Limerick City & County Council,2022,Multi development houses,688
Limerick City & County Council,2022,All houses,1090
Limerick City & County Council,2022,Apartments,718
Limerick City & County Council,2023,One off houses,182
Limerick City & County Council,2023,Multi development houses,427
Limerick City & County Council,2023,All houses,609
Limerick City & County Council,2023,Apartments,433
Limerick City & County Council,2024,One off houses,184
Limerick City & County Council,2024,Multi development houses,865
Limerick City & County Council,2024,All houses,1049
Limerick City & County Council,2024,Apartments,455
Limerick City & County Council,2025,One off houses,183
Limerick City & County Council,2025,Multi development houses,350
Limerick City & County Council,2025,All houses,533
Limerick City & County Council,2025,Apartments,395
Limerick City & County Council,2026,One off houses,106
Limerick City & County Council,2026,Multi development houses,201
Limerick City & County Council,2026,All houses,307
Limerick City & County Council,2026,Apartments,810
Tipperary County Council,2018,One off houses,202
Tipperary County Council,2018,Multi development houses,89
Tipperary County Council,2018,All houses,291
Tipperary County Council,2018,Apartments,23
Tipperary County Council,2019,One off houses,188
Tipperary County Council,2019,Multi development houses,199
Tipperary County Council,2019,All houses,387
Tipperary County Council,2019,Apartments,19
Tipperary County Council,2020,One off houses,153
Tipperary County Council,2020,Multi development houses,338
Tipperary County Council,2020,All houses,491
Tipperary County Council,2020,Apartments,122
Tipperary County Council,2021,One off houses,272
Tipperary County Council,2021,Multi development houses,671
Tipperary County Council,2021,All houses,943
Tipperary County Council,2021,Apartments,227
Tipperary County Council,2022,One off houses,290
Tipperary County Council,2022,Multi development houses,437
Tipperary County Council,2022,All houses,727
Tipperary County Council,2022,Apartments,42
Tipperary County Council,2023,One off houses,178
Tipperary County Council,2023,Multi development houses,630
Tipperary County Council,2023,All houses,808
Tipperary County Council,2023,Apartments,106
Tipperary County Council,2024,One off houses,178
Tipperary County Council,2024,Multi development houses,495
Tipperary County Council,2024,All houses,673
Tipperary County Council,2024,Apartments,69
Tipperary County Council,2025,One off houses,193
Tipperary County Council,2025,Multi development houses,187
Tipperary County Council,2025,All houses,380
Tipperary County Council,2025,Apartments,46
Tipperary County Council,2026,One off houses,88
Tipperary County Council,2026,Multi development houses,249
Tipperary County Council,2026,All houses,337
Tipperary County Council,2026,Apartments,49
Waterford City & County Council,2018,One off houses,148
Waterford City & County Council,2018,Multi development houses,549
Waterford City & County Council,2018,All houses,697
Waterford City & County Council,2018,Apartments,52
Waterford City & County Council,2019,One off houses,155
Waterford City & County Council,2019,Multi development houses,789
Waterford City & County Council,2019,All houses,944
Waterford City & County Council,2019,Apartments,224
Waterford City & County Council,2020,One off houses,147
Waterford City & County Council,2020,Multi development houses,151
Waterford City & County Council,2020,All houses,298
Waterford City & County Council,2020,Apartments,122
Waterford City & County Council,2021,One off houses,174
Waterford City & County Council,2021,Multi development houses,467
Waterford City & County Council,2021,All houses,641
Waterford City & County Council,2021,Apartments,230
Waterford City & County Council,2022,One off houses,202
Waterford City & County Council,2022,Multi development houses,799
Waterford City & County Council,2022,All houses,1001
Waterford City & County Council,2022,Apartments,117
Waterford City & County Council,2023,One off houses,133
Waterford City & County Council,2023,Multi development houses,426
Waterford City & County Council,2023,All houses,559
Waterford City & County Council,2023,Apartments,116
Waterford City & County Council,2024,One off houses,128
Waterford City & County Council,2024,Multi development houses,551
Waterford City & County Council,2024,All houses,679
Waterford City & County Council,2024,Apartments,368
Waterford City & County Council,2025,One off houses,127
Waterford City & County Council,2025,Multi development houses,395
Waterford City & County Council,2025,All houses,522
Waterford City & County Council,2025,Apartments,227
Waterford City & County Council,2026,One off houses,56
Waterford City & County Council,2026,Multi development houses,488
Waterford City & County Council,2026,All houses,544
Waterford City & County Council,2026,Apartments,276
Galway City Council,2018,One off houses,29
Galway City Council,2018,Multi development houses,102
Galway City Council,2018,All houses,131
Galway City Council,2018,Apartments,62
Galway City Council,2019,One off houses,18
Galway City Council,2019,Multi development houses,286
Galway City Council,2019,All houses,304
Galway City Council,2019,Apartments,818
Galway City Council,2020,One off houses,21
Galway City Council,2020,Multi development houses,53
Galway City Council,2020,All houses,74
Galway City Council,2020,Apartments,205
Galway City Council,2021,One off houses,36
Galway City Council,2021,Multi development houses,99
Galway City Council,2021,All houses,135
Galway City Council,2021,Apartments,496
Galway City Council,2022,One off houses,29
Galway City Council,2022,Multi development houses,61
Galway City Council,2022,All houses,90
Galway City Council,2022,Apartments,129
Galway City Council,2023,One off houses,19
Galway City Council,2023,Multi development houses,39
Galway City Council,2023,All houses,58
Galway City Council,2023,Apartments,468
Galway City Council,2024,One off houses,34
Galway City Council,2024,Multi development houses,112
Galway City Council,2024,All houses,146
Galway City Council,2024,Apartments,358
Galway City Council,2025,One off houses,21
Galway City Council,2025,Multi development houses,203
Galway City Council,2025,All houses,224
Galway City Council,2025,Apartments,241
Galway City Council,2026,One off houses,6
Galway City Council,2026,Multi development houses,4
Galway City Council,2026,All houses,10
Galway City Council,2026,Apartments,118
Galway County Council,2018,One off houses,447
Galway County Council,2018,Multi development houses,630
Galway County Council,2018,All houses,1077
Galway County Council,2018,Apartments,173
Galway County Council,2019,One off houses,481
Galway County Council,2019,Multi development houses,274
Galway County Council,2019,All houses,755
Galway County Council,2019,Apartments,150
Galway County Council,2020,One off houses,465
Galway County Council,2020,Multi development houses,191
Galway County Council,2020,All houses,656
Galway County Council,2020,Apartments,84
Galway County Council,2021,One off houses,616
Galway County Council,2021,Multi development houses,257
Galway County Council,2021,All houses,873
Galway County Council,2021,Apartments,118
Galway County Council,2022,One off houses,746
Galway County Council,2022,Multi development houses,270
Galway County Council,2022,All houses,1016
Galway County Council,2022,Apartments,62
Galway County Council,2023,One off houses,388
Galway County Council,2023,Multi development houses,201
Galway County Council,2023,All houses,589
Galway County Council,2023,Apartments,17
Galway County Council,2024,One off houses,461
Galway County Council,2024,Multi development houses,408
Galway County Council,2024,All houses,869
Galway County Council,2024,Apartments,217
Galway County Council,2025,One off houses,490
Galway County Council,2025,Multi development houses,824
Galway County Council,2025,All houses,1314
Galway County Council,2025,Apartments,136
Galway County Council,2026,One off houses,232
Galway County Council,2026,Multi development houses,233
Galway County Council,2026,All houses,465
Galway County Council,2026,Apartments,175
Leitrim County Council,2018,One off houses,16
Leitrim County Council,2018,Multi development houses,0
Leitrim County Council,2018,All houses,16
Leitrim County Council,2018,Apartments,1
Leitrim County Council,2019,One off houses,36
Leitrim County Council,2019,Multi development houses,10
Leitrim County Council,2019,All houses,46
Leitrim County Council,2019,Apartments,2
Leitrim County Council,2020,One off houses,42
Leitrim County Council,2020,Multi development houses,17
Leitrim County Council,2020,All houses,59
Leitrim County Council,2020,Apartments,8
Leitrim County Council,2021,One off houses,53
Leitrim County Council,2021,Multi development houses,21
Leitrim County Council,2021,All houses,74
Leitrim County Council,2021,Apartments,18
Leitrim County Council,2022,One off houses,56
Leitrim County Council,2022,Multi development houses,53
Leitrim County Council,2022,All houses,109
Leitrim County Council,2022,Apartments,3
Leitrim County Council,2023,One off houses,35
Leitrim County Council,2023,Multi development houses,15
Leitrim County Council,2023,All houses,50
Leitrim County Council,2023,Apartments,4
Leitrim County Council,2024,One off houses,39
Leitrim County Council,2024,Multi development houses,16
Leitrim County Council,2024,All houses,55
Leitrim County Council,2024,Apartments,12
Leitrim County Council,2025,One off houses,32
Leitrim County Council,2025,Multi development houses,70
Leitrim County Council,2025,All houses,102
Leitrim County Council,2025,Apartments,30
Leitrim County Council,2026,One off houses,23
Leitrim County Council,2026,Multi development houses,43
Leitrim County Council,2026,All houses,66
Leitrim County Council,2026,Apartments,21
Mayo  County Council,2018,One off houses,259
Mayo  County Council,2018,Multi development houses,30
Mayo  County Council,2018,All houses,289
Mayo  County Council,2018,Apartments,16
Mayo  County Council,2019,One off houses,261
Mayo  County Council,2019,Multi development houses,92
Mayo  County Council,2019,All houses,353
Mayo  County Council,2019,Apartments,6
Mayo  County Council,2020,One off houses,230
Mayo  County Council,2020,Multi development houses,98
Mayo  County Council,2020,All houses,328
Mayo  County Council,2020,Apartments,17
Mayo  County Council,2021,One off houses,343
Mayo  County Council,2021,Multi development houses,79
Mayo  County Council,2021,All houses,422
Mayo  County Council,2021,Apartments,56
Mayo  County Council,2022,One off houses,214
Mayo  County Council,2022,Multi development houses,105
Mayo  County Council,2022,All houses,319
Mayo  County Council,2022,Apartments,25
Mayo  County Council,2023,One off houses,287
Mayo  County Council,2023,Multi development houses,97
Mayo  County Council,2023,All houses,384
Mayo  County Council,2023,Apartments,110
Mayo  County Council,2024,One off houses,317
Mayo  County Council,2024,Multi development houses,405
Mayo  County Council,2024,All houses,722
Mayo  County Council,2024,Apartments,113
Mayo  County Council,2025,One off houses,275
Mayo  County Council,2025,Multi development houses,295
Mayo  County Council,2025,All houses,570
Mayo  County Council,2025,Apartments,60
Mayo  County Council,2026,One off houses,165
Mayo  County Council,2026,Multi development houses,254
Mayo  County Council,2026,All houses,419
Mayo  County Council,2026,Apartments,97
Roscommon County Council,2018,One off houses,124
Roscommon County Council,2018,Multi development houses,55
Roscommon County Council,2018,All houses,179
Roscommon County Council,2018,Apartments,16
Roscommon County Council,2019,One off houses,111
Roscommon County Council,2019,Multi development houses,22
Roscommon County Council,2019,All houses,133
Roscommon County Council,2019,Apartments,3
Roscommon County Council,2020,One off houses,69
Roscommon County Council,2020,Multi development houses,69
Roscommon County Council,2020,All houses,138
Roscommon County Council,2020,Apartments,35
Roscommon County Council,2021,One off houses,141
Roscommon County Council,2021,Multi development houses,24
Roscommon County Council,2021,All houses,165
Roscommon County Council,2021,Apartments,19
Roscommon County Council,2022,One off houses,114
Roscommon County Council,2022,Multi development houses,23
Roscommon County Council,2022,All houses,137
Roscommon County Council,2022,Apartments,4
Roscommon County Council,2023,One off houses,77
Roscommon County Council,2023,Multi development houses,75
Roscommon County Council,2023,All houses,152
Roscommon County Council,2023,Apartments,0
Roscommon County Council,2024,One off houses,78
Roscommon County Council,2024,Multi development houses,116
Roscommon County Council,2024,All houses,194
Roscommon County Council,2024,Apartments,27
Roscommon County Council,2025,One off houses,102
Roscommon County Council,2025,Multi development houses,119
Roscommon County Council,2025,All houses,221
Roscommon County Council,2025,Apartments,25
Roscommon County Council,2026,One off houses,39
Roscommon County Council,2026,Multi development houses,20
Roscommon County Council,2026,All houses,59
Roscommon County Council,2026,Apartments,5
Sligo County Council,2018,One off houses,96
Sligo County Council,2018,Multi development houses,33
Sligo County Council,2018,All houses,129
Sligo County Council,2018,Apartments,13
Sligo County Council,2019,One off houses,86
Sligo County Council,2019,Multi development houses,95
Sligo County Council,2019,All houses,181
Sligo County Council,2019,Apartments,34
Sligo County Council,2020,One off houses,66
Sligo County Council,2020,Multi development houses,132
Sligo County Council,2020,All houses,198
Sligo County Council,2020,Apartments,9
Sligo County Council,2021,One off houses,100
Sligo County Council,2021,Multi development houses,108
Sligo County Council,2021,All houses,208
Sligo County Council,2021,Apartments,9
Sligo County Council,2022,One off houses,79
Sligo County Council,2022,Multi development houses,191
Sligo County Council,2022,All houses,270
Sligo County Council,2022,Apartments,12
Sligo County Council,2023,One off houses,72
Sligo County Council,2023,Multi development houses,170
Sligo County Council,2023,All houses,242
Sligo County Council,2023,Apartments,69
Sligo County Council,2024,One off houses,69
Sligo County Council,2024,Multi development houses,71
Sligo County Council,2024,All houses,140
Sligo County Council,2024,Apartments,8
Sligo County Council,2025,One off houses,66
Sligo County Council,2025,Multi development houses,341
Sligo County Council,2025,All houses,407
Sligo County Council,2025,Apartments,128
Sligo County Council,2026,One off houses,34
Sligo County Council,2026,Multi development houses,131
Sligo County Council,2026,All houses,165
Sligo County Council,2026,Apartments,57
Cavan County Council,2018,One off houses,100
Cavan County Council,2018,Multi development houses,157
Cavan County Council,2018,All houses,257
Cavan County Council,2018,Apartments,7
Cavan County Council,2019,One off houses,103
Cavan County Council,2019,Multi development houses,202
Cavan County Council,2019,All houses,305
Cavan County Council,2019,Apartments,6
Cavan County Council,2020,One off houses,91
Cavan County Council,2020,Multi development houses,36
Cavan County Council,2020,All houses,127
Cavan County Council,2020,Apartments,8
Cavan County Council,2021,One off houses,169
Cavan County Council,2021,Multi development houses,77
Cavan County Council,2021,All houses,246
Cavan County Council,2021,Apartments,21
Cavan County Council,2022,One off houses,148
Cavan County Council,2022,Multi development houses,111
Cavan County Council,2022,All houses,259
Cavan County Council,2022,Apartments,25
Cavan County Council,2023,One off houses,89
Cavan County Council,2023,Multi development houses,263
Cavan County Council,2023,All houses,352
Cavan County Council,2023,Apartments,82
Cavan County Council,2024,One off houses,91
Cavan County Council,2024,Multi development houses,159
Cavan County Council,2024,All houses,250
Cavan County Council,2024,Apartments,97
Cavan County Council,2025,One off houses,98
Cavan County Council,2025,Multi development houses,166
Cavan County Council,2025,All houses,264
Cavan County Council,2025,Apartments,157
Cavan County Council,2026,One off houses,53
Cavan County Council,2026,Multi development houses,187
Cavan County Council,2026,All houses,240
Cavan County Council,2026,Apartments,70
Donegal County Council,2018,One off houses,309
Donegal County Council,2018,Multi development houses,50
Donegal County Council,2018,All houses,359
Donegal County Council,2018,Apartments,27
Donegal County Council,2019,One off houses,374
Donegal County Council,2019,Multi development houses,236
Donegal County Council,2019,All houses,610
Donegal County Council,2019,Apartments,31
Donegal County Council,2020,One off houses,335
Donegal County Council,2020,Multi development houses,395
Donegal County Council,2020,All houses,730
Donegal County Council,2020,Apartments,132
Donegal County Council,2021,One off houses,620
Donegal County Council,2021,Multi development houses,80
Donegal County Council,2021,All houses,700
Donegal County Council,2021,Apartments,52
Donegal County Council,2022,One off houses,642
Donegal County Council,2022,Multi development houses,89
Donegal County Council,2022,All houses,731
Donegal County Council,2022,Apartments,73
Donegal County Council,2023,One off houses,509
Donegal County Council,2023,Multi development houses,133
Donegal County Council,2023,All houses,642
Donegal County Council,2023,Apartments,121
Donegal County Council,2024,One off houses,559
Donegal County Council,2024,Multi development houses,345
Donegal County Council,2024,All houses,904
Donegal County Council,2024,Apartments,94
Donegal County Council,2025,One off houses,534
Donegal County Council,2025,Multi development houses,315
Donegal County Council,2025,All houses,849
Donegal County Council,2025,Apartments,203
Donegal County Council,2026,One off houses,285
Donegal County Council,2026,Multi development houses,279
Donegal County Council,2026,All houses,564
Donegal County Council,2026,Apartments,254
Monaghan County Council,2018,One off houses,207
Monaghan County Council,2018,Multi development houses,111
Monaghan County Council,2018,All houses,318
Monaghan County Council,2018,Apartments,33
Monaghan County Council,2019,One off houses,165
Monaghan County Council,2019,Multi development houses,190
Monaghan County Council,2019,All houses,355
Monaghan County Council,2019,Apartments,16
Monaghan County Council,2020,One off houses,148
Monaghan County Council,2020,Multi development houses,54
Monaghan County Council,2020,All houses,202
Monaghan County Council,2020,Apartments,4
Monaghan County Council,2021,One off houses,219
Monaghan County Council,2021,Multi development houses,83
Monaghan County Council,2021,All houses,302
Monaghan County Council,2021,Apartments,9
Monaghan County Council,2022,One off houses,150
Monaghan County Council,2022,Multi development houses,61
Monaghan County Council,2022,All houses,211
Monaghan County Council,2022,Apartments,26
Monaghan County Council,2023,One off houses,119
Monaghan County Council,2023,Multi development houses,50
Monaghan County Council,2023,All houses,169
Monaghan County Council,2023,Apartments,66
Monaghan County Council,2024,One off houses,142
Monaghan County Council,2024,Multi development houses,29
Monaghan County Council,2024,All houses,171
Monaghan County Council,2024,Apartments,14
Monaghan County Council,2025,One off houses,108
Monaghan County Council,2025,Multi development houses,372
Monaghan County Council,2025,All houses,480
Monaghan County Council,2025,Apartments,61
Monaghan County Council,2026,One off houses,64
Monaghan County Council,2026,Multi development houses,154
Monaghan County Council,2026,All houses,218
Monaghan County Council,2026,Apartments,40
