Rank,Local authority,Population (Census 2022),One-off houses,Multi-development houses,Apartments,Total units,"Units per 1,000 residents","One-off per 1,000","Multi-dev per 1,000","Apartments per 1,000"
1,Dún Laoghaire Rathdown County Council,233860,617,2537,21990,25144,107.5,2.6,10.8,94.0
2,Fingal County Council,330506,774,9122,17706,27602,83.5,2.3,27.6,53.6
3,Dublin City Council,592713,919,1462,44549,46930,79.2,1.6,2.5,75.2
4,Wicklow County Council,155851,1450,6338,3812,11600,74.4,9.3,40.7,24.5
5,Louth County Council,139703,1084,5145,4123,10352,74.1,7.8,36.8,29.5
6,Meath County Council,220826,2858,8428,4938,16224,73.5,12.9,38.2,22.4
7,Cork (City + County),584156,5786,18868,16548,41202,70.5,9.9,32.3,28.3
8,Westmeath County Council,96221,1107,3524,1925,6556,68.1,11.5,36.6,20.0
9,Kildare County Council,247774,1279,9675,5724,16678,67.3,5.2,39.0,23.1
10,Laois County Council,91877,1268,3712,721,5701,62.1,13.8,40.4,7.8
11,Wexford County Council,163919,2775,5401,1853,10029,61.2,16.9,32.9,11.3
12,Waterford City & County Council,127363,1270,4615,1732,7617,59.8,10.0,36.2,13.6
13,South Dublin County Council,301075,359,4744,12493,17596,58.4,1.2,15.8,41.5
14,Limerick City & County Council,209536,2103,4154,3706,9963,47.5,10.0,19.8,17.7
15,Kilkenny County Council,104160,1531,2317,1099,4947,47.5,14.7,22.2,10.6
16,Galway (City + County),277737,4539,4247,4027,12813,46.1,16.3,15.3,14.5
17,Offaly County Council,83150,1223,1797,590,3610,43.4,14.7,21.6,7.1
18,Donegal County Council,167084,4167,1922,987,7076,42.3,24.9,11.5,5.9
19,Monaghan County Council,65288,1322,1104,269,2695,41.3,20.2,16.9,4.1
20,Clare County Council,127938,2041,2658,582,5281,41.3,16.0,20.8,4.5
21,Kerry County Council,156458,1924,2134,1321,5379,34.4,12.3,13.6,8.4
22,Tipperary County Council,167895,1742,3295,703,5740,34.2,10.4,19.6,4.2
23,Cavan County Council,81704,942,1358,473,2773,33.9,11.5,16.6,5.8
24,Sligo County Council,70198,668,1272,339,2279,32.5,9.5,18.1,4.8
25,Carlow County Council,61968,649,1056,260,1965,31.7,10.5,17.0,4.2
26,Mayo County Council,137970,2351,1455,500,4306,31.2,17.0,10.5,3.6
27,Longford County Council,46751,527,613,157,1297,27.7,11.3,13.1,3.4
28,Roscommon County Council,70259,855,523,134,1512,21.5,12.2,7.4,1.9
29,Leitrim County Council,35199,332,245,99,676,19.2,9.4,7.0,2.8
