Rank,Local authority,One-off houses,Multi-development houses,Apartments,Total
1,Dublin City Council,919,1462,44549,46930
2,Cork (City + County),5786,18868,16548,41202
3,Fingal County Council,774,9122,17706,27602
4,Dún Laoghaire Rathdown County Council,617,2537,21990,25144
5,South Dublin County Council,359,4744,12493,17596
6,Kildare County Council,1279,9675,5724,16678
7,Meath County Council,2858,8428,4938,16224
8,Galway (City + County),4539,4247,4027,12813
9,Wicklow County Council,1450,6338,3812,11600
10,Louth County Council,1084,5145,4123,10352
11,Wexford County Council,2775,5401,1853,10029
12,Limerick City & County Council,2103,4154,3706,9963
13,Waterford City & County Council,1270,4615,1732,7617
14,Donegal County Council,4167,1922,987,7076
15,Westmeath County Council,1107,3524,1925,6556
16,Tipperary County Council,1742,3295,703,5740
17,Laois County Council,1268,3712,721,5701
18,Kerry County Council,1924,2134,1321,5379
19,Clare County Council,2041,2658,582,5281
20,Kilkenny County Council,1531,2317,1099,4947
21,Mayo County Council,2351,1455,500,4306
22,Offaly County Council,1223,1797,590,3610
23,Cavan County Council,942,1358,473,2773
24,Monaghan County Council,1322,1104,269,2695
25,Sligo County Council,668,1272,339,2279
26,Carlow County Council,649,1056,260,1965
27,Roscommon County Council,855,523,134,1512
28,Longford County Council,527,613,157,1297
29,Leitrim County Council,332,245,99,676
