Rank (by completed as % of granted),Local authority,Units granted 2018-2026Q2,New dwellings completed 2018-2026Q2,Completed as % of granted,Granted minus completed
1,South Dublin County Council,17596,18764,106.6,-1168
2,Roscommon County Council,1512,1598,105.7,-86
3,Leitrim County Council,676,697,103.1,-21
4,Carlow County Council,1965,1984,101.0,-19
5,Kildare County Council,16678,16838,101.0,-160
6,Mayo County Council,4306,3816,88.6,490
7,Kerry County Council,5379,4653,86.5,726
8,Meath County Council,16224,13771,84.9,2453
9,Wicklow County Council,11600,9628,83.0,1972
10,Sligo County Council,2279,1846,81.0,433
11,Monaghan County Council,2695,2131,79.1,564
12,Louth County Council,10352,8049,77.8,2303
13,Laois County Council,5701,4401,77.2,1300
14,Galway (City + County),12813,9772,76.3,3041
15,Longford County Council,1297,985,75.9,312
16,Offaly County Council,3610,2648,73.4,962
17,Clare County Council,5281,3870,73.3,1411
18,Kilkenny County Council,4947,3551,71.8,1396
19,Cavan County Council,2773,1972,71.1,801
20,Fingal County Council,27602,19535,70.8,8067
21,Donegal County Council,7076,4936,69.8,2140
22,Wexford County Council,10029,6982,69.6,3047
23,Tipperary County Council,5740,3661,63.8,2079
24,Waterford City & County Council,7617,4730,62.1,2887
25,Dún Laoghaire Rathdown County Council,25144,15596,62.0,9548
26,Limerick City & County Council,9963,5901,59.2,4062
27,Cork (City + County),41202,23888,58.0,17314
28,Dublin City Council,46930,25319,54.0,21611
29,Westmeath County Council,6556,3283,50.1,3273
