Rank (by commenced as % of granted),Local authority,Granted,Commenced,Completed,Commenced as % of granted,Completed as % of commenced,Completed as % of granted,Granted not yet commenced,Commenced not yet completed
1,South Dublin County Council,17596,21535,18764,122.4,87.1,106.6,-3939,2771
2,Kildare County Council,16678,18374,16838,110.2,91.6,101.0,-1696,1536
3,Carlow County Council,1965,2119,1984,107.8,93.6,101.0,-154,135
4,Meath County Council,16224,16650,13771,102.6,82.7,84.9,-426,2879
5,Roscommon County Council,1512,1415,1598,93.6,112.9,105.7,97,-183
6,Mayo County Council,4306,3956,3816,91.9,96.5,88.6,350,140
7,Fingal County Council,27602,25345,19535,91.8,77.1,70.8,2257,5810
8,Laois County Council,5701,5233,4401,91.8,84.1,77.2,468,832
9,Louth County Council,10352,9471,8049,91.5,85.0,77.8,881,1422
10,Wicklow County Council,11600,10522,9628,90.7,91.5,83.0,1078,894
11,Kerry County Council,5379,4788,4653,89.0,97.2,86.5,591,135
12,Sligo County Council,2279,1945,1846,85.3,94.9,81.0,334,99
13,Leitrim County Council,676,575,697,85.1,121.2,103.1,101,-122
14,Galway (City + County),12813,10875,9772,84.9,89.9,76.3,1938,1103
15,Kilkenny County Council,4947,4154,3551,84.0,85.5,71.8,793,603
16,Monaghan County Council,2695,2200,2131,81.6,96.9,79.1,495,69
17,Wexford County Council,10029,7935,6982,79.1,88.0,69.6,2094,953
18,Offaly County Council,3610,2855,2648,79.1,92.7,73.4,755,207
19,Waterford City & County Council,7617,5871,4730,77.1,80.6,62.1,1746,1141
20,Longford County Council,1297,980,985,75.6,100.5,75.9,317,-5
21,Cavan County Council,2773,2095,1972,75.5,94.1,71.1,678,123
22,Clare County Council,5281,3953,3870,74.9,97.9,73.3,1328,83
23,Cork (City + County),41202,30541,23888,74.1,78.2,58.0,10661,6653
24,Tipperary County Council,5740,4231,3661,73.7,86.5,63.8,1509,570
25,Dún Laoghaire Rathdown County Council,25144,18419,15596,73.3,84.7,62.0,6725,2823
26,Donegal County Council,7076,5117,4936,72.3,96.5,69.8,1959,181
27,Limerick City & County Council,9963,7042,5901,70.7,83.8,59.2,2921,1141
28,Westmeath County Council,6556,4572,3283,69.7,71.8,50.1,1984,1289
29,Dublin City Council,46930,29774,25319,63.4,85.0,54.0,17156,4455
