pid,no,name,units,programme,ahb,stage,stage_quarter,q_mid,sh_owner,sh_mode,tracker_ref,tracker_scheme,tracker_status
1188558,1680,"Ballysimon Road Woodlawn Park, Limerick, (Phase 1)*",15,CALF Turnkey,Focus Housing Association CLG,Completed,Q4-2025,2025-11-15,Public – approved housing body,Turnkey,211257,"€1.8m - Social Housing Development, Limerick",Complete
1025215,1682,"Bloodmill Road, Singland, Limerick (Phase 2)",32,CALF Turnkey,Co - Operative Housing Ireland Society Limited,Completed,Q4-2022,2022-11-15,Public – approved housing body,Turnkey,181270,€5.8m - Housing Development,Under construction
1414882,1694,"Cois na Féile, Abbeyfeale, Co. Limerick (Phase 1)",12,CALF Construction,Clúid Housing,Stage 4 Tender Report / Final Turnkey or CALF Approval,Q3-2025,2025-08-15,Public – approved housing body,Construction,258297,"€4.5m - Residential Development, Abbeyfeale",Not started – permission live
1270045,1695,"Greenfield, Greenfield Rd, Limerick (Phase 1)*",19,CALF Turnkey,Tuath Housing Association,On Site,Q4-2025,2025-11-15,Public – approved housing body,Turnkey,2360025,"€3.8m - Apartment Development, Limerick",Under construction
1263448,1714,"Turagh Close, Cappamore, Limerick (Phase 1)",17,CALF Construction,Clúid Housing,On Site,Q1-2025,2025-02-15,Public – approved housing body,Construction,221352,"€5.5m - Housing Development, Cappamore",Complete
1152091,1804,Ballylanders,5,SHIP LA Turnkey,,Completed,Q4-2024,2024-11-15,Public – local authority,Turnkey,21240,"€561k - Main Street Housing Development, Ballylanders ",Under construction
1184979,1812,"Treada Na Ri, Kilfinane, Co Limerick",13,SHIP LA Turnkey,,Stage 4 Tender Report / Final Turnkey or CALF Approval,Q1-2026,2026-02-15,Public – local authority,Turnkey,211170,"€3m - Modifications to Housing Development, Kilfinane",Under construction
1015932,1816,"Gough Place, Rosbrien Road, Limerick",17,SHIP LA Construction,*N/A,Completed,Q4-2022,2022-11-15,Public – local authority,Construction,188014,"€1.7m - Residential Development, Rosbrien Road",Complete
999956,1817,"Clonmacken, Limerick City",43,SHIP LA Construction,*N/A,Completed,Q4-2024,2024-11-15,Public – local authority,Construction,188008,"€7m - Residential Development, Condell Road",Complete
981494,1819,"Glenview Drive, Hospital",20,SHIP LA Construction,*N/A,Completed,Q4-2023,2023-11-15,Public – local authority,Construction,188002,€1.9m - Residential Development ,Complete
REG-178012,1820,"Clare Street, Limerick City",7,SHIP LA Construction,*N/A,Completed,Q4-2025,2025-11-15,Public – local authority,Construction,178012,"Part 8: (i) provision of 7 no. residential units (2 no. three-storey, 3 bedroo",Under construction
1065269,1821,"Station Close, Knocklong",12,SHIP LA Construction,*N/A,Completed,Q4-2022,2022-11-15,Public – local authority,Construction,198007,€1.4m - Housing Development ,Complete
REG-188012,1822,"Barnakyle, Patrickswell (Site 2)",24,SHIP LA Construction,*N/A,On Site,Q3-2023,2023-08-15,Public – local authority,Construction,188012,Part 8: (a) provision of 24 no. two storey residential housing units. The unit,Not started – permission live
1237333,1827,"O’Connor Park, Ardagh, Co. Limerick",10,SHIP LA Construction,*N/A,On Site,Q1-2023,2023-02-15,Public – local authority,Construction,228013,"€2.2m - Housing Development, Ardagh",Under construction
1212017,1828,"Church Glen, Ballylanders, Co. Limerick",9,SHIP LA Construction,*N/A,Stage 4 Tender Report / Final Turnkey or CALF Approval,Q1-2025,2025-02-15,Public – local authority,Construction,Part 8 - 1212017,"€1m - Residential Development, Ballylanders",Not started – permission live
1205019,1829,"Radharc Cillin, Kilfinane, Co. Limerick",10,SHIP LA Construction,*N/A,Completed,Q4-2025,2025-11-15,Public – local authority,Construction,218013,€3m - Housing Development,Complete
1392454,1831,"Brugh na Deise, Bruff, Co Limerick",18,SHIP LA Construction,*N/A,Stage 4 Tender Report / Final Turnkey or CALF Approval,Q4-2025,2025-11-15,Public – local authority,Construction,Part 8 - 1392454,"€5.9m - Residential Development, Bruff",Under construction
1364960,1832,"New Road, Thomondgate, Limerick",6,SHIP LA Construction,*N/A,Stage 3 Pre-Tender Design,Q4-2025,2025-11-15,Public – local authority,Construction,Part 8 - 1364960,"€2m - 6 Apartments, Limerick",Not started – permission live
1419614,1837,"Mary Street, Limerick",30,SHIP LA Construction,,Stage 2 Pre-Planning,Q1-2026,2026-02-15,Public – local authority,Construction,258327,"€4.8m - Apartment Development, Limerick",In planning
1360553,1839,"Mulcaire Drive, Annacotty, Co Limerick.",6,SHIP LA Construction,,Stage 4 Tender Report / Final Turnkey or CALF Approval,Q1-2026,2026-02-15,Public – local authority,Construction,248132,"€1.4m - 6 Houses, Annacotty",Under construction
1419395,1843,"Ros Mor, Crossagalla, Kilmallock Road, Limerick",13,SHIP LA Construction,,Stage 2 Pre-Planning,Q2-2025,2025-05-16,Public – local authority,Construction,,"€2.1m - Part 8 Residential Development, Limerick",In planning
1412942,1844,Cosgrave Park Phase 2,22,SHIP LA Construction,,Stage 2 Pre-Planning,Q2-2025,2025-05-16,Public – local authority,Construction,PT8LL283,"€5.4m - Cosgrave Park Phase 2, Moyross",In planning
1412368,1846,"Scout Hall, Bawnmore Road, Kennedy Park, Limerick",5,SHIP LA Construction,,Stage 2 Pre-Planning,Q3-2025,2025-08-15,Public – local authority,Construction,PT8LL277,"€1.5m - 5 Residential Units, Limerick",Not started – permission live
1433772,1849,"Quarry Road, Thomondgate Park, Limerick",12,SHIP LA Construction,,Stage 2 Pre-Planning,Q1-2026,2026-02-15,Public – local authority,Construction,Part 8-  26255726,"€3m - Part 8 Residential Development, Limerick",In planning
1439022,1851,"Knock, Ferndale, Caherdavin, Limerick",6,SHIP LA Construction,,Stage 1 Capital Appraisal,Q1-2025,2025-02-15,Public – local authority,Construction,268363,"€1.4m - 6 Houses, Caherdavin",In planning
1058813,1927,"Towerfield Crescent, Croom",16,CAS AHB Construction,Croom Voluntary Housing Association Ltd,Completed,Q4-2025,2025-11-15,Public – approved housing body,Construction,198005,€1.7m - Residential Development ,Complete
1144674,1931,"St. Pauls Convent, Kilfinane",9,CAS AHB Construction,Sophia Housing Association Ltd,Completed,Q4-2024,2024-11-15,Public – approved housing body,Construction,2148,"€1.9m - Change of Use to 9 Apartments, St. Paul's Convent",Complete
1061120,1934,"Henry Street, Limerick",5,CAS AHB Construction,Simon Community : Midwest Simon,On Site,Q1-2023,2023-02-15,Public – approved housing body,Construction,19769,"€782k - Apartment Change of Use, Henry Street",Under construction
1034286,1937,"Sisters Of Mercy Convent, Doon, Co Limerick",23,CAS AHB Construction,Ballyhoura Rural Services CLG,Stage 3 Pre-Tender Design,Q2-2024,2024-05-16,Public – approved housing body,Construction,19149,€567k - Change of Use to Care Residential Units ,Not started – past expiry
1327665,1939,"Cloverfield, Glin, Co Limerick",10,CAS AHB Construction,Glin Homes for the Elderly Ltd,Stage 3 Pre-Tender Design,Q4-2025,2025-11-15,Public – approved housing body,Construction,2460028,"€2.5m - Assisted Living Dwelling Units, Glin",Not started – permission live
1422361,1940,"Gortmore, Feenagh, Co Limerick",8,CAS AHB Construction,Corran – Deel Voluntary Housing Association Ltd,Stage 2 Pre-Planning,Q3-2024,2024-08-15,Public – approved housing body,Construction,2660063,"€1.8m - 7 House/Apartment/Community Office, Feenagh",In planning
