name,category,address,region,telephone,latitude,longitude,url
Abbeyfeale Family Bereavement Support Group,counselling,"Mountmahon, Abbeyfeale, Co. Limerick.",Abbeyfeale,+353 68 31203,52.3873378,-9.2924243,https://www.limerick.ie/discover/living/your-community/community-services/counselling/abbeyfeale-family-bereavement-support
ABC Start Right,,"Unit 25a, The Tait Business Centre, Dominic St, Limerick, V94 WY42",Limerick City,+353 61 419 388,52.660135906936,-8.6266547441483,https://www.limerick.ie/abc-start-right
Accord,counselling,"Limerick Social Services Centre, Henry Street, Limerick V942W14",Limerick City,+353 86 4149040,52.679900609002,-8.6123679787852,https://www.limerick.ie/discover/living/your-community/community-services/counselling/accord
ACCORD Catholic Marriage Care Service. (Limerick West),counselling,"Parish Centre, Newcastle West, Co. Limerick",Newcastle West,+353 69 61000,52.447946482722,-9.0560391917825,https://www.limerick.ie/discover/living/your-community/community-services/counselling/accord-catholic-marriage-care-service
ACM Kidz,childcare,"14-15 Castle Street, Castleconnell, Co. Limerick.",Castleconnell,+353 61 372750,52.7127504,-8.5011770999999,https://www.limerick.ie/discover/living/in-your-community/community-services/childcare/acm-kidz
Acquired Brain Injury Ireland,people-disabilities,"Limerick Resource Centre, O'Meara House, Ballinacurra, Limerick",Limerick City,"+353 61 307073, +353 86 172 0757",52.645419277052,-8.6439003493865,https://www.limerick.ie/discover/living/your-community/community-services/people-disabilities/acquired-brain-injury-ireland
ADAPT Domestic Abuse Services,domestic-abuse,"ADAPT House, Rosbrien, Limerick",Limerick City,"+353 61 412354, 1 800 200504",52.650898608773,-8.6341837258078,https://www.limerick.ie/discover/living/in-your-community/community-services/domestic-abuse/adapt-domestic-abuse-services
Al-Anon,addiction,"5 Capel Street, Dublin 1",,"Helpline +353 1 873 2699, +353 1 878 3624",,,https://www.limerick.ie/discover/living/in-your-community/community-services/addiction/al-anon
Alateen,childrens-services,"5 Capel Street, Dublin 1",,+353 1 873 26 99,,,https://www.limerick.ie/discover/living/in-your-community/community-services/childrens-services/addiction/alateen
Alcoholics Anonymous,addiction,"Unit 2, Block C, Santry Business Park, Swords Road, Dublin 9",,"Limerick City +353 61 311222 / 85 2406867, Limerick County +353 87 9313134",53.408572,-6.2400262,https://www.limerick.ie/discover/living/in-your-community/community-services/addiction/alcoholics-anonymous
Altamira Apartments,housing,"No. 16 Altamira Court, Thomondgate, Limerick",Limerick City,+353 61 325011,52.6730979,-8.6327114000001,https://www.limerick.ie/discover/living/your-community/community-services/housing/altamira-apartments
An Garda Siochana,,Henry Street Limerick,Limerick City,+353 61 212400,52.661393174664,-8.6312554136384,https://www.limerick.ie/discover/living/in-your-community/community-services/an-garda-siochana
Ana Liffey Community Substance Misuse Team,addiction,Unit 1 Steamboat Quay Dock Road Limerick V94 YF84,Limerick City,"+353 85 1559158, Freephone 1800 786828",52.6560667,-8.6072758,https://www.limerick.ie/discover/living/in-your-community/community-services/addiction/ana-liffey-community-substance
ARCH Creative and Play Therapy Centre,childrens-services,"7 The Crescent, O’Connell Avenue, Limerick",Limerick City,+353 89 4153493,52.659262388877,-8.6314887658227,https://www.limerick.ie/discover/living/in-your-community/community-services/childrens-services/child-family-support/arch
Arthritis Ireland - Limerick Branch,people-disabilities,"C/O Andrea MacMahon, Chairperson, Limerick",Limerick City,+353 83 8847824,52.6279065,-8.6266706,https://www.limerick.ie/discover/living/your-community/community-services/people-disabilities/arthritis-ireland-limerick
Askeaton-Ballysteen Youth Club,youth,"Askeaton Community Hall, Askeaton, Co. Limerick.",Askeaton,+353 87 9273926,,,https://www.limerick.ie/discover/living/your-community/community-services/youth/askeaton-ballysteen-youth-club
Attention Deficit Disorder Ireland,people-disabilities,Online support group,,+353 1 874 8349,52.648076532061,-8.6158723477274,https://www.limerick.ie/discover/living/your-community/community-services/people-disabilities/attention-deficit-disorder
AWARE,counselling,"National Office, 72 Lower Leeson Street, Dublin 2",,1800 80 48 48 (Freephone),53.3340861,-6.2546147,https://www.limerick.ie/discover/living/in-your-community/community-services/counselling/aware
Aware Limerick,childrens-services,"Room G10, Foundation Building, Mary Immaculate College, South Circular Road, Limerick V94 VN26",Limerick City,1800 80 48 48 (Freephone Support Line) or 01 661 7211 (Administration Office),52.653009628292,-8.6391162872314,https://www.limerick.ie/discover/living/in-your-community/community-services/childrens-services/mental-health/aware
Ballyhoura Development - Community and Individual Supports,childrens-services,"Coote Hall Resource Centre, Kilmallock, Co. Limerick, V35C995",,+ 353 63 20555,52.402553295268,-8.8034060904951,https://www.limerick.ie/discover/living/in-your-community/community-services/childrens-services/disability/ballyhoura
Ballyhoura Development CLG,,"Ballyhoura Development Ltd, Main Street, Kilfinane, Co. Limerick",Kilfinane,"+353 63 91300, +353 63 91330",52.358668059579,-8.4701853990555,https://www.limerick.ie/business/how-we-can-help/business-supports/ballyhoura-development-clg
Ballyhoura Jobs Club,employment,"Coote Hall, Kilmallock, Co. Limerick",Kilmallock,+353 63 91730,52.35866642151,-8.4701853990555,https://www.limerick.ie/discover/living/in-your-community/community-services/employment/ballyhoura-jobs-club
Ballyhoura Rural Services Ltd,older-people-55,"Ballyhoura Rural Services CLG, 4 High Street, Caherconlish, Co. Limerick.",,+353 61 352847,52.467148696525,-8.4313403279521,https://www.limerick.ie/discover/living/your-community/community-services/older-people-55/ballyhoura-rural-services-ltd
Bank of Ireland Workbench,,"Bank of Ireland, 125 O’Connell Street, Limerick",Limerick City,,52.6634946,-8.6275312,https://www.limerick.ie/business/how-we-help/business-supports/bank-ireland-workbench
Barnardos Homemaker Family Support Service,childrens-services,"21 Bishop Street, Limerick, V94 Y594",Limerick City,+353 61 493587,52.669862373125,-8.6232108296826,https://www.limerick.ie/discover/living/in-your-community/community-services/childrens-services/child-family-support
Barnardos Limerick North Family Support Service,childrens-services,Units 4-7 Sarsfield Gardens Moyross Limerick,Limerick City,+353 61 329298,52.683355620833,-8.644062,https://www.limerick.ie/discover/living/in-your-community/community-services/childrens-services/child-family-support-0
Barnardos Limerick South Family Support Service,childrens-services,Barnardos Centre 373/374 Roseview Drive O'Malley Park Southill Limerick V94 P5K7,Limerick City,+353 61 319290,52.6456044,-8.6086197,https://www.limerick.ie/discover/living/in-your-community/community-services/childrens-services/child-family-support-1
Bedford Row Family Project,offenders-ex-offenders,"Lower Bedford Row, Limerick",Limerick City,+353 61 315332,52.6637148,-8.6285869,https://www.limerick.ie/discover/living/in-your-community/community-services/offenders-ex-offenders/bedford-row-family
Bergerie Trust CLG,older-people-55,"13 Good Shepherd Ave, Pennywell Road, Limerick.",Limerick City,+353 61 446608,52.6650541,-8.6119897999999,https://www.limerick.ie/discover/living/your-community/community-services/older-people-55/bergerie-trust-clg
Blue Box Creative Arts Therapy Centre,childrens-services,"Blue Box Creative Arts Therapy Centre, Unit B, LEDP, Roxboro Road, Limerick V94 HC9X",Limerick City,+353 61 315070,52.647993182663,-8.6155237443745,https://www.limerick.ie/discover/living/in-your-community/community-services/childrens-services/mental-health/blue-box
Broadford Community Enterprise Centre,enterprise-support,"Broadford, Co. Limerick",,+353 87 6319893,52.344824205004,-8.9786517620087,https://www.limerick.ie/discover/living/your-community/community-services/enterprise-support/broadford-community-enterprise
Brother Stephen Russell House,homeless-people,"7 St Lawrence's Park, Garryowen, Co. Limerick, V94 K5HV",Limerick City,+353 61 317180,52.656889516535,-8.6095637921244,https://www.limerick.ie/discover/living/in-your-community/community-services/homeless-people/brother-stephen-russell-house
Bushypark Treatment Centre,,Bushypark House Bushypark Ennis Co. Clare,,+353 65 6840944,52.852471334376,-9.0416838414967,https://www.limerick.ie/discover/living/in-your-community/community-services/bushypark-treatment-centre
CareBright,older-people-55,"The Health Centre, Knockainey Road, Hospital, Co. Limerick",Limerick City,"+353 61 383644, 1800 303412",52.47435568835,-8.4343726281077,https://www.limerick.ie/discover/living/your-community/community-services/older-people-55/carebright
CARI,,"CARI House, Ennis Road, Shanabooly, Limerick, V94 YV80",Limerick City,0818 924567,52.672859444684,-8.6670380830765,https://www.limerick.ie/cari
Castle Creche Castleconnell,childcare,"Coolbawn Meadows, Castleconnell, Co. Limerick.",Castleconnell,+353 61 219859,52.7113112,-8.5008243,https://www.limerick.ie/discover/living/your-community/community-services/childcare/castle-creche-castleconnell
Catherine McAuley School,children,Ashbourne Avenue South Circular Road Limerick,Limerick City,+353 61 228281,52.651759969319,-8.6454141139984,https://www.limerick.ie/discover/living/in-your-community/community-services/children/catherine-mcauley-school
"Catherine O’Mullane MIAHIP, Psychotherapist",counselling,Limerick City,Limerick City,+353 85 1632519,52.6680204,-8.6304975,https://www.limerick.ie/discover/living/your-community/community-services/counselling/catherine-omullane-miahip
Ceim ar Cheim: Moyross Probation Project,education-training,"The Bays, Knockalisheen Road, Moyross, Limerick, V94XR4A",Limerick City,+353 61 322122,52.674928882197,-8.6404567,https://www.limerick.ie/discover/living/in-your-community/community-services/education-training/ceim-ar-cheim-moyross
"Celia Brett, MAPCP, MAPA - Counsellor and Psychotherapist",counselling,"33 Henry Street, Limerick",Limerick City,+353 87 1739282,52.659505170815,-8.6329227,https://www.limerick.ie/discover/living/in-your-community/community-services/counselling/celia-brett-mapcp-mapa-counsellor
Centre for Independent Living,equality-diversity,Sheehan's Rd Newcastle West Co. Limerick V42 EE38,Newcastle West,+353 69 77320,52.451551284432,-9.0534016,https://www.limerick.ie/discover/living/in-your-community/community-services/equality-diversity/centre-for-independent
Changing Futures,childrens-services,Online,,0818 776 315,,,https://www.limerick.ie/discover/living/in-your-community/community-services/childrens-services/changing-futures
Child Development Homelessness Project,childrens-services,"Unit 25a, The Tait Business Centre, Dominic St, Limerick, V94 WY43",,+353 61 419 389,52.660135906936,-8.6266547441483,https://www.limerick.ie/discover/living/in-your-community/community-services/childrens-services/child-development
Childline Therapeutic Support Service,childrens-services,"115 O'Connell St., Limerick City, V94 YH5K",Limerick City,,,,https://www.limerick.ie/discover/living/in-your-community/community-services/childrens-services/childline-therapeutic
Children and Young People's Services Committee (CYPSC),,"Tusla- Child and Family Agency, St.  Joseph’s Campus, Mulgrave Street, Limerick.",Limerick City,+353 87 3581221,52.6280595,-8.6585964999999,https://www.limerick.ie/children-and-young-peoples-services-committee-cypsc
Children’s Grief Centre,counselling,"Mount St. Vincent, O'Connell Ave., Limerick V94 221W",Limerick City,+353 61 224 627,52.652655,-8.6448502000001,https://www.limerick.ie/discover/living/in-your-community/community-services/counselling/childrens-grief-centre
Chime Children and Family Service,childrens-services,"Pery Street, Limerick, V94 DYP2",Limerick City,+353 61 467 494,52.659332224954,-8.6280065774918,https://www.limerick.ie/discover/living/in-your-community/community-services/childrens-services/chime-children-and-family
Citizens Information Centre,equality-diversity,"Ground Floor, Riverstone House, 23-27 Henry St., Limerick, V94 3T28",Limerick City,0818 07 5780,52.660304970816,-8.63231455,https://www.limerick.ie/discover/living/in-your-community/community-services/equality-diversity/citizens-information-centre
Claire Quinlan - Counselling and Psychotherapy Services,counselling,"O’Curry St, Limerick",Limerick City,+353 87 7097477,52.646514232026,-8.6446523771156,https://www.limerick.ie/discover/living/your-community/community-services/counselling/claire-quinlan-counselling-and
Cliona's Foundation,childrens-services,"Cliona’s Foundation, Unit 22, Groody Business Centre, Castletroy, Limerick V94 YA07",Limerick City,"+353 61 331333, 1800 90 10 90",,,https://www.limerick.ie/discover/living/in-your-community/community-services/childrens-services/child-family-support-2
Community Crisis Response Team - Suicide Prevention Hub,mental-health,"Rathkeale Enterprise Centre, Rathkeale, Co. Limerick V94 E5CO",Rathkeale,+353 85 1777631,,,https://www.limerick.ie/discover/living/your-community/community-services/mental-health/community-crisis-response-team
Community Detox Initiative,addiction,"87 O Connell Street, Limerick, V94 XN51",Limerick City,+353 61 370325,52.660425270816,-8.6304584,https://www.limerick.ie/discover/living/in-your-community/community-services/addiction/community-detox-initiative
Community Substance Misuse Team,addiction,"2nd Floor, Arthur's Quay House, Arthur's Quay, Limerick, V94XVRO",Limerick City,+353 61 318904,52.6604302,-8.6311869,https://www.limerick.ie/discover/living/in-your-community/community-services/addiction/community-substance-misuse-team
Coolmine,addiction,"Mahon House, William Street Upper, Limerick, V94 T8KR",Limerick City,+353 86 0832550,52.661268612528,-8.6208332556385,https://www.limerick.ie/discover/living/in-your-community/community-services/addiction/coolmine
Corlann Limerick,people-with-disabilities,"Blackberry Park, Dock Road, Limerick",Limerick City,+353 61 308149,52.647032053198,-8.6673492297996,https://www.limerick.ie/discover/living/in-your-community/community-services/people-with-disabilities/corlann-limerick
Counselling and Psychotherapy,counselling,"1 The Laurels, Dooradoyle, Co. Limerick",Limerick City,+353 87 7873895,52.632604721109,-8.6440504655432,https://www.limerick.ie/discover/living/in-your-community/community-services/counselling/counselling-and-psychotherapy
Counselling Services Limerick,counselling,"24 Silverbirch Grove, Dooradoyle, Limerick",Limerick City,+353 87 6497131,52.638166833219,-8.6463797511533,https://www.limerick.ie/discover/living/your-community/community-services/counselling/counselling-services-limerick
CRAFT Maker Space at Mary Immaculate College,childrens-services,"CRAFT Maker Space, John Henry Newman Campus, Mary Immaculate College, Mount Saint Vincent O'Connell Avenue, Limerick",Limerick City,,52.652423855096,-8.6364662647247,https://www.limerick.ie/discover/living/in-your-community/community-services/childrens-services/education/craft-maker-space
Creating Calm Counselling,counselling,"117 Clonard Westbury, Corbally, Limerick, V94 E8RF",Limerick City,+353 87 2798553,52.68232,-8.5995800000001,https://www.limerick.ie/discover/living/your-community/community-services/counselling/creating-calm-counselling
Croom Civic Centre,,"Main St, Skagh, Croom, Co. Limerick",,+353 61 602742,52.521118095597,-8.7188005585608,https://www.limerick.ie/discover/living/in-your-community/community-services/croom-civic-centre
Croom Community Enterprise Centre,,"Croom Community Enterprise Centre, Croom Enterprise Park, Hospital Road, Croom, Co. Limerick",,+353 61 602000,52.522765,-8.7178280000001,https://www.limerick.ie/business/how-we-help/business-supports/croom-community-enterprise-centre
Croom Family Resource Centre,childcare,"Croom Mills, Church Road, Croom, Co. Limerick, V35 E306",,+353 61 602878,52.518518973661,-8.7191319465637,https://www.limerick.ie/discover/living/in-your-community/community-services/childcare/croom-family-resource-centre
Cuan Mhuire,addiction,"Cuan Mhuire, Bruree, Co. Limerick, V35 CP57",,+353 63 90555,52.4242877,-8.6620227,https://www.limerick.ie/discover/living/in-your-community/community-services/addiction/cuan-mhuire
Daughters of Charity,equality-diversity,"St. Vincent’s Centre, Lisnagry, Co. Limerick",Limerick City,+353 61 501400,52.6684681,-8.5250154,https://www.limerick.ie/discover/living/in-your-community/community-services/equality-diversity/daughters-of-charity
Department of Employment Affairs and Social Protection,,"Dominick Street, Limerick, V94 X327",Limerick City,0818 405060,52.66064186109,-8.6260177195072,https://www.limerick.ie/department-of-employment-affairs-and-social-protection
Desmond Complex,older-people-55,"he Desmond Ability Resource Complex CLG., Gortboy, Newcastle West, Co. Limerick",Newcastle West,+353 69 62757,52.4550594,-9.0575353,https://www.limerick.ie/discover/living/your-community/community-services/older-people-55/desmond-complex
Digital Mental Health Programmes,childrens-services,"115 O'Connell St., Limerick City, V94 YH5K",Limerick City,,52.66118341111,-8.6294677848275,https://www.limerick.ie/discover/living/in-your-community/community-services/childrens-services/digital-mental-health
Disability Federation of Ireland,equality-diversity,"Fumbally Court, Fumbally Lane, Dublin 8, Ireland, D08 TXY8",,+353 1 4547978,52.6771411,-7.8149418,https://www.limerick.ie/discover/living/in-your-community/community-services/equality-diversity/disability-federation-of
District Court Office,offenders-ex-offenders,Merchants Quay Limerick,Limerick City,+353 61 414300,52.667696952305,-8.625076264143,https://www.limerick.ie/discover/living/in-your-community/community-services/offenders-ex-offenders/district-court-office
Doras Luimní,ethnic-groups,"Central Buildings, 51a O’Connell Street, Limerick",Limerick City,"+353 61 310328, +353 83 0802378",52.6612228,-8.6294293999999,https://www.limerick.ie/discover/living/your-community/community-services/ethnic-groups/doras-luimni
Down Syndrome Associaton,,"Unit 2 Castletroy Park Business Centre, Castletroy, Limerick V94 D998",Limerick City,+353 61 334023,52.666512168594,-8.576159644872,https://www.limerick.ie/discover/living/your-community/childrens-services/disability/down-syndrome-associaton
Dόchas (Hope for People with Autism),equality-diversity,"14 Parnell Street, Limerick",Limerick City,+353 61 405923,52.6601628,-8.6246932,https://www.limerick.ie/discover/living/in-your-community/community-services/equality-diversity/dochas-hope-for-people-with
Early Start,,"Our Lady Queen of Peace, Janesboro, Limerick, Our Lady of Lourdes NS, Rosbrien, Limerick, Galvone NS, Kennedy Park, Galvone, Limerick",Limerick City,"Janesboro: +353 61 311285, Rosbrien: +353 61 227991, Galvone: +353 61 311286",52.6680204,-8.6304975,https://www.limerick.ie/discover/living/your-community/childrens-services/education/early-start
East Limerick Traveller Project,,"Coote Hall Resource Centre, Kilmallock, Co. Limerick, V35C994",Kilmallock,+353 63 20555,,,https://www.limerick.ie/discover/living/in-your-community/childrens-services/east-limerick-traveller-project
Emma Keane Counselling and Psychotherapy,counselling,"11 Cecil Street Limerick, V94 Y322",,+353 8 63415296,52.661164714888,-8.627275570113,https://www.limerick.ie/discover/living/in-your-community/community-services/counselling/emma-keane-counselling-and
EmployAbility Limerick,employment,"5 Mallow Street, Limerick",Limerick City,+353 61 493095,52.6644634,-8.6240659,https://www.limerick.ie/discover/living/your-community/community-services/employment/employability-limerick
Enable Ireland Children's Services Limerick,equality-diversity,Blackberry Children's Services Blackberry Park Ballykeeffe Dock Road Limerick,Limerick City,+353 61 498161,52.6471881,-8.6664684,https://www.limerick.ie/discover/living/in-your-community/community-services/equality-diversity/enable-ireland-childrens
Enable Ireland Limerick Adult Services,equality-diversity,"Quinn's Cross, Mungret, Co. Limerick",Limerick City,+353 61 301830,52.635889204389,-8.6723334342241,https://www.limerick.ie/discover/living/in-your-community/community-services/equality-diversity/enable-ireland-limerick
Enable Ireland Limerick Adult Services Hub,people-disabilities,"Enable Ireland Hub, Coolreiry, Railway Road, Castleconnell, Co. Limerick",Castleconnell,"+353 61 219443, +353 87 1410261",,,https://www.limerick.ie/discover/living/your-community/community-services/people-disabilities/enable-ireland-limerick-adult
Engage in Education,education-training,"Unit C1 and C2, Block 10, LEDP Campus, Roxboro Road, Limerick",Limerick City,+353 61 409107,52.647531834002,-8.6157275922596,https://www.limerick.ie/discover/living/in-your-community/community-services/education-training/engage-in-education
Enterprise Ireland,,"4500 Atlantic Avenue, Westpark, Shannon, Co. Clare",Limerick City,"+353 61 777 000, +353 61 777 001",52.70958758064,-8.8933789730072,https://www.limerick.ie/business/how-we-help/business-supports/enterprise-ireland
EPIC Advocacy Service,,"Northside Youth Space, Ballynanty Road, Ballynanty Beg, Limerick, V94 TPP3",Limerick City,+353 61 514518,52.67523066869,-8.6400175094604,https://www.limerick.ie/discover/living/in-your-community/childrens-services/epic-advocacy-service
Epilepsy Ireland,equality-diversity,"Social Services Centre, Henry Street, Limerick",Limerick City,+353 61 313773,52.657597303375,-8.6348678357899,https://www.limerick.ie/discover/living/in-your-community/community-services/equality-diversity/epilepsy-ireland
"Equine, Play and Creative Arts Therapies",childrens-services,"Knockainey Road, Hospital, Co. Limerick, V35RP26",,+353 61 383884,52.466867793073,-8.4312861624539,https://www.limerick.ie/discover/living/in-your-community/community-services/childrens-services/equine-play-and-creative
Eugene Cleary Counselling Service,counselling,"52 Bru na Gruadan, Castletroy, Limerick V94 H5YF",Limerick City,+353 87 2983046,52.6618242,-8.5751336,https://www.limerick.ie/discover/living/your-community/community-services/counselling/eugene-cleary-counselling-service
Every Child Is Your Child Community Group,childrens-services,Limerick,Limerick City,,52.6680204,-8.6304975,https://www.limerick.ie/discover/living/in-your-community/community-services/childrens-services/child-family-support/every
Extern,,Units 9 & 10 Watchhouse Cross Retail Park Parteen Road Limerick V94 XYK5,Limerick City,+353 61 457222,52.6784478,-8.6388465,https://www.limerick.ie/discover/living/in-your-community/childrens-services/child-family-support/extern
Familes,parents-lone-parents,"291, Father Russell Square, Hyde Road, Limerick",Limerick City,+353 87 2603603,52.658347920814,-8.6249625,https://www.limerick.ie/discover/living/your-community/community-services/parents-lone-parents/familes
Family Carers Ireland,,"Family Carers Ireland, Unit 1, George’s Quay House, George’s Quay, Limerick V94 CK06",Limerick City,"1800 240724 (National Helpline), +353 61 310803",52.6648937,-8.6194127,https://www.limerick.ie/discover/living/in-your-community/childrens-services/child-family-support/family-carers-ireland
Family Mediation Service,,"1st Floor, Riverpoint, Lower Mallow Street, Limerick, V94WC6A",Limerick City,+353 61 214310,52.661214197364,-8.6330317565714,https://www.limerick.ie/discover/living/in-your-community/childrens-services/family-mediation-service
FLAC Telephone Information Line,information-advice,"85/86 Dorset Street Upper, Dublin 1, Ireland, D01 P9Y3",,01 906 10 10,,,https://www.limerick.ie/discover/living/in-your-community/community-services/information-advice/flac-telephone-information
FOCUS Ireland Limerick,homeless-people,Focus Ireland Limerick 7A Catherine Place Limerick V94 RT21,Limerick City,+353 61 405300,52.6592827,-8.6298096,https://www.limerick.ie/discover/living/in-your-community/community-services/homeless-people/focus-ireland-limerick
Foroige Croom UBU Youth Work Project,,"Croom Sports Complex, High Street , Croom, Co Limerick, V35 PT04",,"+353 86 967 2870, +353 86 047 7484",52.519694096961,-8.7136173248291,https://www.limerick.ie/discover/living/in-your-community/childrens-services/foroige-croom-ubu-youth-work-project
Foroige Kilmallock UBU Youth Work Project,childrens-services,"Lord Edward Street, Kilmallock, Co Limerick, V35 PF85",,"+353 86 8224895, +353 86 8213762",52.398732829546,-8.5721763747358,https://www.limerick.ie/discover/living/in-your-community/community-services/childrens-services/foroige-kilmallock-ubu
Further Education & Training Centre - O’Connell Avenue Campus,education-training,"O’Connell Avenue, Limerick V94 W651",Limerick City,+353 61 578100,52.655704083916,-8.6341220140457,https://www.limerick.ie/discover/living/in-your-community/community-services/education-training/further-education-training
Gamblers Anonymous,addiction,"Social Service Centre, Henry Street, Limerick",Limerick City,+353 1 8721133,52.657714444779,-8.634878564626,https://www.limerick.ie/discover/living/in-your-community/community-services/addiction/gamblers-anonymous
Gambling Support Service,addiction,"267 Avondale Court, O'Malley Park, Southill, Limerick",Limerick City,"+353 83 4143684, +353 61 440250",52.64508987215,-8.6086730502684,https://www.limerick.ie/discover/living/in-your-community/community-services/addiction/gambling-support-service
Garda Schools Programme,childrens-services,"Mayorstone Garda Station, Limerick",Limerick City,+353 61 456980,52.673737,-8.6448226,https://www.limerick.ie/discover/living/in-your-community/community-services/childrens-services/youth-justice/garda-schools
Garda Youth Diversion Project,childrens-services,"Limerick Youth Service, 5 Lr. Glentworth St, Limerick V94 YF95",Limerick City,"+353 61 412444, +353 83 3718798",52.673737,-8.6448226,https://www.limerick.ie/discover/living/in-your-community/community-services/childrens-services/youth-justice/garda-youth
Gateway To Education Limerick: After School Homework Club,,"Plassey Village Hall, Plassey Village, Limerick",Limerick City,+353 61 481633,52.67575077979,-8.5753388050944,https://www.limerick.ie/discover/eat-see-do/family-friendly/clubs-classes/after-school-clubs/gateway-education-limerick
"GOSHH (Gender, Orientation, Sexual Health and HIV)",equality-diversity,"Redwood Place, 18 Davis street, Limerick",Limerick City,"+353 61 314354, +353 61 316661 (Confidential Helpline)",52.6596818,-8.6269235,https://www.limerick.ie/discover/living/your-community/community-services/equality-diversity/goshh-gender-orientation
Grow Mental Health,counselling,33 Henry St Limerick,Limerick City,"Celia +353 86 1526966, Danielle +353 86 1588626",52.6595102,-8.6329175,https://www.limerick.ie/discover/living/in-your-community/community-services/counselling/grow-mental-health-0
Harnett Enterprise Acceleration Centre,,"Limerick Institute Of Technology, Moylish Park, Limerick V94 E8YF",Limerick City,+353 61 293151,52.6748827,-8.6475545000001,https://www.limerick.ie/business/how-we-help/business-supports/harnett-enterprise-acceleration-centre
Haven Hub,childrens-services,"Bedford Row , Limerick, V94 PT93",Limerick City,+353 85 201 9250,52.66359308919,-8.628270873434,https://www.limerick.ie/discover/living/in-your-community/community-services/childrens-services/haven-hub
Headway,people-disabilities,"9-11 Upper William Street Limerick, V94 K702",Limerick City,"+353 61 469306, Freephone 1800 400 478",52.6603577,-8.6356955,https://www.limerick.ie/discover/living/your-community/community-services/people-disabilities/headway
Healthy Communities,,"Unit 25a, The Tait Business Centre, Dominic St, Limerick, V94 WY42",Limerick City,+353 61 419 388,52.660135906936,-8.6266547441483,https://www.limerick.ie/discover/living/in-your-community/community-services/healthy-communities
Helium Arts,childrens-services,"22 Pearse Street, Mullingar, Co. Westmeath, N91 VYP0",,044 93 96 960,,,https://www.limerick.ie/discover/living/in-your-community/community-services/childrens-services/helium-arts
Holy Family Youth Club Southill,youth,"C/O Southill Action Centre, Southill, Limerick",Limerick City,+353 61 415340,52.6446822,-8.61386600000003,https://www.limerick.ie/discover/living/community-services/youth/holy-family-youth-club-southill
Home School Community Liaison Scheme,,Various schools in the Mid West,Limerick City,+353 87 6899521,52.6680204,-8.6304975,https://www.limerick.ie/discover/living/your-community/childrens-services/education/home-school-community-liaison-scheme
Homeless Action Team,homeless-people,"2 Church St. , John's Square, Limerick, V94 DP48",Limerick City,"+353 61 557051, Out of Hours 1800 606060",52.663532682945,-8.6185171224453,https://www.limerick.ie/discover/living/in-your-community/community-services/homeless-people/homeless-action-team
Hospital Family Resource Centre,,Knockainey Road Hospital Co. Limerick,Limerick City,+353 61 383884,52.467481185171,-8.4314276464283,https://www.limerick.ie/discover/living/in-your-community/childrens-services/child-family-support/hospital-family-resource
Hospitality Education & Training Centre,education-training,"Limerick Enterprise Development Partnership, Roxboro, Limerick",Limerick City,+353 61 400660,52.6476398,-8.6157596,https://www.limerick.ie/discover/living/your-community/community-services/education-training/hospitality-education-training
HSE Acute Psychiatric Hospitals In-Patient Care,,"Unit 5B, Regional Hospital, Dooradoyle, Limerick",Limerick City,"+353 61 301111, 1850 24 1850",52.63384365514,-8.6516477353871,https://www.limerick.ie/discover/living/in-your-community/local-services/health/hse-acute-psychiatric-hospitals-in-patient
HSE Adult Counselling Service,counselling,"Re Nua, 6, Mount Vincent Terrace, O'Connell Avenue, Limerick",Limerick City,+353 61 411900,52.6535947,-8.6358264,https://www.limerick.ie/discover/living/your-community/community-services/counselling/hse-adult-counselling-service
HSE Child and Adolescent Mental Health Services,childrens-services,Mid-West Regional Office Rosbrien Road Limerick V94 XW57,Limerick City,+353 61 483388,52.6409441,-8.6309100999999,https://www.limerick.ie/discover/living/in-your-community/community-services/childrens-services/mental-health/hse-child-and
HSE Child Disability Network Teams,childrens-services,Various Locations,,,,,https://www.limerick.ie/discover/living/in-your-community/community-services/childrens-services/hse-child-disability
HSE Children and Family Services,childrens-services,"Unit 3, St. Camillus Hospital, Limerick",Limerick City,+353 61 483 711,52.668750360098,-8.6445023305714,https://www.limerick.ie/discover/living/in-your-community/community-services/childrens-services/child-family-support/hse
HSE Community Health Centres,,Various locations in Limerick,,1850 24 1850,52.6280595,-8.6585964999999,https://www.limerick.ie/hse-community-health-centres
HSE Disability Services,people-with-disabilities,"Dooradoyle, Limerick",Limerick City,,52.635816564916,-8.6557890661061,https://www.limerick.ie/discover/living/in-your-community/community-services/people-with-disabilities/hse-disability
HSE Emergency/Out of Hours Service,childrens-services,The service includes provision of emergency services 24/7.,Limerick City,+353 61 483388,52.6680204,-8.6304975,https://www.limerick.ie/discover/living/in-your-community/community-services/childrens-services/mental-health/hse-emergency
HSE Foster Care,,"Regional Manager, Foster Care, HSE Building, Ballycummin Avenue., Raheen Business Park, Limerick",Limerick City,+353 61 328336,52.6280595,-8.6585964999999,https://www.limerick.ie/hse-foster-care
HSE Limerick Drug and Alcohol Service,addiction,"Corporate House, Mungret Street, Limerick V94 PV34",Limerick City,+353 61 318633,52.664056,-8.6209762,https://www.limerick.ie/discover/living/in-your-community/community-services/addiction/hse-limerick-drug-and-alcohol
HSE Residential Care,,"Regional Residential Services, Elmhurst, St. Joseph's Hospital, Limerick",Limerick City,"+353 61 461438, +353 61 461112",52.657591405622,-8.61328125,https://www.limerick.ie/hse-residential-care
IDA Ireland,,"IDA Ireland, Roselawn House, National Technology Park, Limerick",Limerick City,"+353 61 200513, +353 61 200399",52.672270684623,-8.5559248924255,https://www.limerick.ie/business/how-we-help/business-supports/ida-ireland
Incredible Years Parenting Programme,ethnic-groups,"Limerick Social Services Centre, Henry Street, Limerick",Limerick City,+353 61 310328,52.657773320419,-8.6347980145365,https://www.limerick.ie/discover/living/in-your-community/community-services/ethnic-groups/incredible-years-parenting
Intreo Centre Limerick,employment,"Dominick Street, Limerick V94 X327",Limerick City,+353 61 212200,52.660578413784,-8.6262094974518,https://www.limerick.ie/discover/living/your-community/community-services/employment/intreo-centre-limerick
Irish Foster Care Association,,"HSE West, Ballycummin Avenue, Raheen Business Park Limerick",Limerick City,+353 61 483590,52.6280595,-8.6585964999999,https://www.limerick.ie/irish-foster-care-association
Irish Wheelchair Association,people-disabilities,"Unit F1 LEDP Business Park, Roxboro, Limerick",Limerick City,+353 61 317234,52.647795970945,-8.615802526474,https://www.limerick.ie/discover/living/your-community/community-services/people-disabilities/irish-wheelchair-association
iScoil,childrens-services,Online,,,,,https://www.limerick.ie/discover/living/in-your-community/community-services/childrens-services/iscoil
ISPCC,children,"115 O'Connell Street, Limerick",Limerick City,+353 61 400077,52.6626025,-8.6280232,https://www.limerick.ie/discover/living/your-community/community-services/children/ispcc
Jigsaw Limerick,childrens-services,"3rd Floor, Arthur's Quay House, Limerick, V94XVRO",Limerick City,+353 61 974510,,,https://www.limerick.ie/discover/living/in-your-community/community-services/childrens-services/mental-health/jigsaw
JRS Interntational Protection Supports,,"Della Strada, Dooradoyle Road , Limerick, V94 NWF1",,+353 86 8214888,52.633719766028,-8.6426111003942,https://www.limerick.ie/discover/living/in-your-community/childrens-services/jrs-interntational-protection-supports
Julie Psychotherapy,counselling,"Upper Clare Street, Limerick City.",,+353 87 115 2195,52.66512322082,-8.60831115,https://www.limerick.ie/discover/living/in-your-community/community-services/counselling/julie-psychotherapy
Kilmallock Community & Family Support Project,,"Coote Hall Resource Centre, Kilmallock, Co. Limerick, V35C993",Kilmallock,+353 86 0660560,52.401227524369,-8.5692286491394,https://www.limerick.ie/discover/living/in-your-community/childrens-services/child-family-support/kilmallock-community
King's Island Community Creche,childrens-services,"St. Ita's Street, Limerick V94 N996",Limerick City,+353 61 319902,52.671877089218,-8.6263382434845,https://www.limerick.ie/discover/living/in-your-community/community-services/childrens-services/child-family-support/kings
King's Island Youth & Community Centre,youth,"Verdant Place, King's Island, Limerick",Limerick City,+353 61 414415,52.670812778102,-8.6256517656147,https://www.limerick.ie/discover/living/your-community/community-services/youth/kings-island-youth-community-centre
Lava Javas Youth Café,youth,Limerick Youth Service Lower Glentworth Street Limerick,Limerick City,"+353 61 412444, +353 87 7055197",52.661336920817,-8.6310648,https://www.limerick.ie/discover/living/in-your-community/community-services/youth/lava-javas-youth-cafe
Le Cheile Mentoring & Youth Justice Support Services,offenders-ex-offenders,"Le Chéile Mentoring, Southill Hub, O’ Malley Park, Southill, Limerick.",Limerick City,+353 87 993 9758,52.648381501021,-8.6115647200495,https://www.limerick.ie/discover/living/in-your-community/community-services/offenders-ex-offenders/le-cheile-mentoring
Learning Hub Limerick,childrens-services,"Learning Hub, Kileely House, New Road, Kileely, Limerick",Limerick City,+353 61 453099,52.6640406,-8.6164087,https://www.limerick.ie/discover/living/in-your-community/community-services/childrens-services/education/learning-hub
Learning Hub Limerick Pitch and Youth Cafe,,"Kileely House, New Road, Thomondgate, Limerick",Limerick City,083 4878704,52.676509056526,-8.6340866109822,https://www.limerick.ie/discover/living/in-your-community/childrens-services/education/learning-hub-limerick-pitch-and
Learning Limerick,education-training,"Paul Partnership, Unit 25a, Tait Business Centre, Dominic Street, Limerick, V94 WY42",Limerick City,+353 61 419388,52.6680204,-8.6304975,https://www.limerick.ie/discover/living/in-your-community/community-services/education-training/learning-limerick
Limerick and Clare Education and Training Board,,"College of FET, O’Connell Avenue Campus, Limerick , V94 W651",Limerick City,1800 70 70 77,,,https://www.limerick.ie/discover/living/in-your-community/community-services/limerick-and-clare-education-and-training
Limerick Autism Respite Service,,"Red House, Red Hill, Patrickswell, Co. Limerick",,+353 61 320049,52.615609720782,-8.6855407,https://www.limerick.ie/discover/living/your-community/childrens-services/disability/limerick-autism-respite-service
Limerick Chamber,,"Limerick Chamber, 96 O'Connell Street, Limerick",Limerick City,+353 61 415180,52.6611573,-8.6295402000001,https://www.limerick.ie/business/how-we-help/business-supports/limerick-chamber
Limerick Childcare Commitee,childcare,"Limerick Childcare Committee, Lower Ground Floor, Croom Mills, Croom, Co. Limerick V35 E306",Limerick City,+353 61 600918,52.665777533694,-8.6231034994125,https://www.limerick.ie/discover/living/in-your-community/community-services/childcare/limerick-childcare-commitee
Limerick City and County Council (Corporate Headquarters),,"Corporate Headquarters, Merchant's Quay, Limerick",Limerick City,+353 61 407100,52.668163628713,-8.6246967734769,https://www.limerick.ie/discover/living/in-your-community/local-services/local-government/limerick-city-and-county-council
Limerick City Drugs Education and Prevention Strategy (DEPS),addiction,DEPS Northside Youth Space Knockalisheen Road Ballynanty Limerick V94TPP3,Limerick City,+353 87 7105362,52.6500114,-8.6264923,https://www.limerick.ie/discover/living/in-your-community/community-services/addiction/limerick-city-drugs-education-and
Limerick City Partnership,,"Unit 25a, Tait Business Centre, Dominic Street, Limerick, V94 WY42",Limerick City,+353 61 419 388,52.6599837,-8.6264186999999,https://www.limerick.ie/business/how-we-can-help/business-supports/limerick-city-partnership
Limerick City Traveller Health Programme,ethnic-groups,"Our lady of Lourdes Community Centre, Childers Rd., Rosbrien, Limerick, V94KX9V",,+353 86 8066199,52.648498972239,-8.6332154273987,https://www.limerick.ie/discover/living/in-your-community/community-services/ethnic-groups/limerick-city-traveller-health
Limerick City Youth Forum,youth,"Limerick Youth Service, Lower Glentworth Street, Limerick",Limerick City,+353 61 412444,52.66129097054394,-8.630849719047546,https://www.limerick.ie/discover/living/community-services/youth/limerick-city-youth-forum
Limerick Comhairle Na nÓg,childrens-services,"5 Lower Glentworth St, Limerick, V94YF95",Limerick City,+353 61 412444,,,https://www.limerick.ie/discover/living/in-your-community/community-services/childrens-services/limerick-comhairle-na-nog
Limerick Community Education Network,education-training,Limerick City,,+353 87 7642659,52.67907208489,-8.6440797359683,https://www.limerick.ie/discover/living/your-community/community-services/education-training/limerick-community-education
Limerick Counselling & Psychotherapy Centre,counselling,"9 Pery Square, Limerick",Limerick City,"+353 87 9208028 (Mary Houlihan), +353 87 9661935 (Nicola Hurley)",52.6587639,-8.629234,https://www.limerick.ie/discover/living/your-community/community-services/counselling/limerick-counselling-psychotherapy
Limerick Early Intervention Services - Blackberry Park Team,childrens-services,"Children's Services Manager, Enable Ireland, Blackberry Park, Ballykeefe, Limerick",Limerick City,+353 61 498161,52.6471881,-8.6664684,https://www.limerick.ie/discover/living/in-your-community/community-services/childrens-services/disability/limerick-early
Limerick Early Intervention Services - East Limerick Children's Services,childrens-services,"Unit 4 Crossagalla, Eastway Business Park, Ballysimon Road, Limerick",Limerick City,+353 61 603417,52.6487904,-8.5918699,https://www.limerick.ie/discover/living/in-your-community/community-services/childrens-services/disability/limerick-early-0
Limerick Early Intervention Services - Tree House Team,childrens-services,"St. Gabriel's Centre, Crabtree House, Springfield Drive, Dooradoyle",Limerick City,+353 61 302733,52.637428339311,-8.6506069544703,https://www.limerick.ie/discover/living/in-your-community/community-services/childrens-services/disability/limerick-early-1
Limerick Enterprise Development Partnership (LEDP),,"LEDP Campus, Roxboro Rd., Limerick, V94 C66H",Limerick City,,52.647864318789,-8.616161942482,https://www.limerick.ie/business/how-we-help/business-supports/limerick-enterprise-development-partnership-ledp
Limerick Family Planning Clinic Ltd,childrens-services,"27 Mallow Street, Limerick",Limerick City,+353 61 312026,52.6597078,-8.6297572,https://www.limerick.ie/discover/living/in-your-community/community-services/childrens-services/sexual-health/limerick
Limerick Filipino Community,ethnic-groups,"C/O 3 Beechfield, Monaleen, Castletroy, Co. Limerick",Limerick City,"+353 61 635775, +353 87 2952586",52.6601253,-8.5492511,https://www.limerick.ie/discover/living/your-community/community-services/ethnic-groups/limerick-filipino-community
Limerick Mental Health Association,,"3 Sexton Street, Limerick, V94Y521",Limerick City,+353 61 446786,52.661061055224,-8.6328596569808,https://www.limerick.ie/discover/living/in-your-community/community-services/limerick-mental-health-association
Limerick Seniors Forum,older-people-55,N/A,Limerick City,+353 85 1503522,52.6680204,-8.6304975,https://www.limerick.ie/discover/living/your-community/community-services/older-people-55/limerick-seniors-forum
Limerick Social Service Council - Counselling Services,counselling,LSSC Centre Henry Street Limerick,Limerick City,+353 61 314111,52.657766507525,-8.6347927339375,https://www.limerick.ie/discover/living/in-your-community/community-services/counselling/limerick-social-service-council
Limerick Social Service Council - Southill Family Support Initiative,,"1st. Floor, Holy Family Parish Church, O'Malley Park, Southill",Limerick City,+353 61 314111,52.646041673058,-8.6091721057892,https://www.limerick.ie/discover/living/in-your-community/childrens-services/child-family-support/limerick-social-service
Limerick Social Services Centre,youth,"LSSC Centre, Henry Street, Limerick",Limerick City,+353 61 314111,52.657746984002,-8.6348034627736,https://www.limerick.ie/discover/living/your-community/community-services/youth/limerick-social-services-centre
Limerick Social Services Centre Creche,,"C/O Limerick Social Services Centre, Henry Street, Limerick",Limerick City,+353 61 314111,52.65774047616,-8.6347712762654,https://www.limerick.ie/discover/living/your-community/childrens-services/child-family-support/limerick-social-services
Limerick Sports Partnership,,"UL Sports Arena, Castletroy, Limerick, V94XT66",,+353 61 333600,52.67336362517,-8.5653877258301,https://www.limerick.ie/discover/living/in-your-community/childrens-services/limerick-sports-partnership
Limerick Tobacco Cessation Support Service,addiction,"St. John's Hospital, St. John's Square, Limerick",Limerick City,+353 61 462275,52.6631885,-8.6170449,https://www.limerick.ie/discover/living/your-community/community-services/addiction/limerick-tobacco-cessation-support
Limerick Volunteer Centre,,"Unit 40, Tait Business Centre, Dominic Street, Limerick",Limerick City,+353 87 7387481,52.6599837,-8.6264186999999,https://www.limerick.ie/discover/living/your-community/local-services/organisations/limerick-volunteer-centre
Limerick Youth Encounter Project St Augustine’s School,,"Sexton Street, Limerick, V94 X339",Limerick City,+353 61 311137,52.660181956732,-8.6217157717602,https://www.limerick.ie/discover/living/in-your-community/childrens-services/limerick-youth-encounter-project-st-augustines
Limerick Youth Service,youth,"Limerick Youth Service, 5 Lower Glentworth Street, Limerick",Limerick City,+353 61 412444,52.6613277,-8.6306996000001,https://www.limerick.ie/discover/living/in-your-community/community-services/youth/limerick-youth-service
Limerick Youth Theatre,,"The Basement, 73 O' Connell Street, Limerick",Limerick City,+353 61 311100,52.6594869,-8.6312331,https://www.limerick.ie/discover/eat-see-do/family-friendly/clubs-classes/drama-dance/limerick-youth-theatre
"Lindsay Mitchell, MIAHIP - Psychotherapist",counselling,Limerick City,Limerick City,+353 86 2424783,52.6680204,-8.6304975,https://www.limerick.ie/discover/living/your-community/community-services/counselling/lindsay-mitchell-miahip
Living Links,counselling,Limerick,Limerick City,"+353 61 314111, +353 87 7998427",52.663935961391,-8.6242032470182,https://www.limerick.ie/discover/living/your-community/community-services/counselling/living-links
LiZhong Chinese-Irish Cultural Centre,education-training,"St. Nessan's National School, Baunacloka, Mungret, Co.Limerick, V94 FY29 (Weekends)",,+353 89 4696365,52.630940084756,-8.668384552002,https://www.limerick.ie/discover/living/in-your-community/community-services/education-training/lizhong-chinese-irish
Local Enterprise Office,,"Local Enterprise Office, The Engine, Upper Cecil St, Limerick V94 TN32",Limerick City,+353 61 407499,52.6653448,-8.6248410000001,https://www.limerick.ie/business/how-we-help/business-supports/local-enterprise-office
MABS Money and Budgeting Advice,information-advice,"1st Floor, Riverstone House, 23-27 Henry Street, Limerick, V94 3T28",Limerick City,818072000,52.660205490325,-8.6325462854811,https://www.limerick.ie/discover/living/in-your-community/community-services/information-advice/mabs-money-and-budgeting
Melanie Gruben Therapy - LGBTQIA+ and Neurodivergent Therapy,counselling,Online,Limerick City,,,,https://www.limerick.ie/discover/living/in-your-community/community-services/counselling/melanie-gruben-therapy-lgbtqia-and
Mental Health Ireland,mental-health,"Second Floor Marina House, 11-13 Clarence Street, Dun Laoghaire, Co. Dublin, A96 E289",,+353 1 284 1166,,,https://www.limerick.ie/discover/living/in-your-community/community-services/mental-health/mental-health-ireland
Mid - West Local Area Employment Service,employment,N/A,Limerick City,1800 412999,52.660386139415,-8.6263544205576,https://www.limerick.ie/discover/living/in-your-community/community-services/employment/mid-west-local-area-employment
Mid-West Forensic Medical Examination Service,childrens-services,"University Hospital Limerick, St. Nessan's Rd., Dooradoyle, Co. Limeric, V94 F858",,,52.635250705401,-8.6539649963379,https://www.limerick.ie/discover/living/in-your-community/community-services/childrens-services/mid-west-forensic-medical
Mid-West Indian Irish Association,ethnic-groups,"Shannon, County Clare",Limerick City,,52.7124708,-8.8730676,https://www.limerick.ie/discover/living/your-community/community-services/ethnic-groups/mid-west-indian-irish-association
Mid-West Interfaith Network,,n/a,,,52.6680204,-8.6304975,https://www.limerick.ie/discover/living/your-community/local-services/interfaith/mid-west-interfaith-network
Mid-West ISL Hub,equality-diversity,"Pery St, Limerick, V94 DYP2",Limerick City,083 198 9272,52.65934171596,-8.6282205531648,https://www.limerick.ie/discover/living/in-your-community/community-services/equality-diversity/mid-west-isl-hub
Mid-West Regional Drugs and Alcohol Forum,addiction,"Limerick Drug and Alcohol Service, Corporate House, Mungret St., Limerick, V94PV34",Limerick City,+353 61 607242,52.664495705505,-8.620303273201,https://www.limerick.ie/discover/living/in-your-community/community-services/addiction/mid-west-regional-drugs-and-alcohol
Mid-West School for the Deaf,,"Mid-West School for the Deaf, Rosbrien, Childers Road, Limerick",Limerick City,+353 61 227722,52.647470503556,-8.6315631866455,https://www.limerick.ie/discover/living/your-community/childrens-services/disability/mid-west-school-deaf
Mid-West Simon Community,homeless-people,"Mid West Simon Community, Unit 4 Walnut House, Turnpike Road, Ennis, Co. Clare, V95 EE68",Limerick City,+353 61 608980,,,https://www.limerick.ie/discover/living/in-your-community/community-services/homeless-people/mid-west-simon-community
Mid-West Spina Bifida & Hydrocephalus Association,people-with-disabilities,"Delta Retail Park, Ballysimon Road, Limerick",Limerick City,+353 61 439990,52.6462388,-8.5832843000001,https://www.limerick.ie/discover/living/in-your-community/community-services/people-with-disabilities/mid-west-spina-bifida
MOVE (Men Overcoming Violence),domestic-abuse,"Unit 2, First Floor, Clare Business Mall, Clare Road, Ennis, Co. Clare",,+353 86 4149613,52.8304363,-8.9797479,https://www.limerick.ie/discover/living/your-community/community-services/domestic-abuse/move-men-overcoming-violence
Moyross Adult Education Group,education-training,"16 Sarsfield Gardens, Moyross, Limerick",Limerick City,+353 87 3379437,52.6834267,-8.6448435,https://www.limerick.ie/discover/living/your-community/community-services/education-training/moyross-adult-education-group
Moyross Community Enterprise Centre,education-training,"Moyross Community Enterprise Centre, Moyross, Limerick",Limerick City,+353 61 326057,52.681435616232,-8.6471630819142,https://www.limerick.ie/discover/living/in-your-community/community-services/education-training/moyross-community
Moyross Youth Academy,childrens-services,"The Bays, Knockalisheen Rd, Moyross, Limerick, V94 XR4A",Limerick City,+353 61 322122,52.67523066869,-8.6400175094604,https://www.limerick.ie/discover/living/in-your-community/community-services/childrens-services/moyross-youth-academy
MS Society Mid-West Regional Office,people-with-disabilities,"Mid West Regional Office, ‘Tara’ St Nessans Road, Ballykeeffe, Limerick",Limerick City,+353 61 303802,52.6408819,-8.6497196,https://www.limerick.ie/discover/living/in-your-community/community-services/people-with-disabilities/ms-society-mid-west
Music Generation,,"Marshal House, Dooradoyle Road, Limerick, V94 HAC4",Limerick City,+353 61 442100,52.635794386454,-8.644083738327,https://www.limerick.ie/discover/eat-see-do/family-friendly/clubs-classes/music-classes/music-generation
MyMind,counselling,"50 O’Connell Street, Limerick",Limerick City,+353 76 6801060,52.6612777,-8.6293734999999,https://www.limerick.ie/discover/living/in-your-community/community-services/counselling/mymind
MyMove Counselling,mental-health,"The Basement, 4 Pery Square, Limerick, V94 EHE6",Limerick City,+353 61 639010,52.658409225813,-8.6293292812398,https://www.limerick.ie/discover/living/in-your-community/community-services/mental-health/mymove-counselling
Naionra / Montessori Cnoc Theas,childcare,"Southill House, Southill, Limerick",Limerick City,+353 61 317562,52.6446822,-8.613866,https://www.limerick.ie/discover/living/your-community/community-services/childcare/naionra-montessori-cnoc-theas
Narcotics Anonymous,addiction,Social Service Centre 1 Little Henry Street Limerick,Limerick City,+353 87 138 6120,52.657946420814,-8.6347804,https://www.limerick.ie/discover/living/in-your-community/community-services/addiction/narcotics-anonymous
National Council for the Blind of Ireland - Mid-West,people-with-disabilities,NCBI Limerick Units 2&3 Parkview Court Lord Edward Street Limerick,Limerick City,1800911250,52.6569214,-8.6275386,https://www.limerick.ie/discover/living/in-your-community/community-services/people-with-disabilities/national-council-for
National Educational Psychological Service Agency,,"NEPS Houston Hall, Ballycummin Ave, Raheen Business Park, Limerick V94 PKF1",Limerick City,+353 (761) 108561,52.622577620788,-8.653615,https://www.limerick.ie/discover/living/your-community/childrens-services/education/national-educational-psychological
National Learning Network,education-training,"Raheen Business Park, Limerick",Limerick City,+353 61 229777,52.6204461,-8.6562455000001,https://www.limerick.ie/discover/living/your-community/community-services/education-training/national-learning-network
National Learning Network Limerick,people-with-disabilities,"Raheen Business Park, Raheen, Limerick, V94 YNX3",,+353 61 229777,52.621093086542,-8.655059337616,https://www.limerick.ie/discover/living/in-your-community/community-services/people-with-disabilities/national-learning
NCSE Special Education Needs Organisers,childrens-services,"2nd Floor, Houston Hall, Ballycummin Avenue, Raheen Business Park, Co. Limerick., V94 PKF1",,01 6033306,52.621093086542,-8.655059337616,https://www.limerick.ie/discover/living/in-your-community/community-services/childrens-services/education/ncse-special
Nepalese Community Limerick,ethnic-groups,"19 Mallow Street, Limerick",Limerick City,"+353 61 410167, +353 87 6107551",52.6593482,-8.6288334999999,https://www.limerick.ie/discover/living/your-community/community-services/ethnic-groups/nepalese-community-limerick
Northside Family Resource Centre,,"Clonconnane Road, Ballynanty, Limerick",Limerick City,+353 61 326623,52.67908810517,-8.644083738327,https://www.limerick.ie/discover/living/in-your-community/childrens-services/child-family-support/northside-family-resource
Northside Youth & Family Support Project,youth,"Northside Youth Space Ballynanty, Limerick.",Limerick City,061 412 444,52.67908810517,-8.6440944671631,https://www.limerick.ie/discover/living/in-your-community/community-services/youth/northside-youth-family-support-project
Northside Youth Development Project,youth,"St. Lelia's Community Hall, Ballynanty, Limerick",Limerick City,+353 61 458668,52.67747491853645,-8.644148111343384,https://www.limerick.ie/discover/living/community-services/youth/northside-youth-development-project
Northstar Family Support Project,addiction,"28 John Street, Limerick",Limerick City,+353 61 459260,52.664198879032,-8.6189595705558,https://www.limerick.ie/discover/living/in-your-community/community-services/addiction/northstar-family-support-project
Novas,homeless-people,"Head Office, 87 O’Connell Street, Limerick",Limerick City,"+353 61 370325, 1800 606060 (Out of Hours)",52.6581951,-8.636759,https://www.limerick.ie/discover/living/in-your-community/community-services/homeless-people/novas
O'Dwyer Safety Services,education-training,"OSS, Unit H2 Eastway Business Park, Ballysimon, Limerick V94 WC64",,"+353 61 422207, +353 87 6162564",52.648664620807,-8.5885599,https://www.limerick.ie/discover/living/your-community/community-services/education-training/odwyer-safety-services
Oakwood Psychology and Psychotherapy Consultants,counselling,"No. 14/24/34 University Court, Castletroy, Limerick",Limerick City,+353 86 3718602,52.6673751,-8.570063,https://www.limerick.ie/discover/living/your-community/community-services/counselling/oakwood-psychology-and-psychotherapy
Our Lady of Lourdes Childworld Creche,childcare,"Our Lady of Lourdes Community Services Group, Childers Road, Rosbrien, Limerick",Limerick City,+353 61 228596,52.648427370772,-8.6328077316284,https://www.limerick.ie/discover/living/your-community/community-services/childcare/our-lady-lourdes-childworld-creche
Our Lady of Lourdes Community Services Group,equality-diversity,"Our Lady of Lourdes Community Services Group, Childers Road, Rosbrien, Limerick",Limerick City,+353 61 22 85 96,52.648577082796,-8.6329257488251,https://www.limerick.ie/discover/living/in-your-community/community-services/equality-diversity/our-lady-of-lourdes
Our Lady of Lourdes Youth Club,youth,"Action Centre, Ballinacurra Weston, Limerick",Limerick City,,52.64857708279627,-8.632925748825073,https://www.limerick.ie/discover/living/community-services/youth/our-lady-lourdes-youth-club
ParentChild+ Programme,childrens-services,"Garryowen CDP, 23 John's Street, Limerick, V94 WR58",Limerick City,+353 89 6085304,52.662527342836,-8.616156578064,https://www.limerick.ie/discover/living/in-your-community/community-services/childrens-services/parentchild-programme
Paul Murphy Counselling and Psychotherapy Practitioner,counselling,"Hartstonge Street, Limerick",Limerick City,+353 86 8388400,52.6591061,-8.6304545,https://www.limerick.ie/discover/living/your-community/community-services/counselling/paul-murphy-counselling-and
Pieta House Mid-West,,Suicide Crisis Centre Ardaulin Mungret Co. Limerick V94 T258,Limerick City,"+353 61 484444, Call free: 1800 247 247, Text HELP 51444, 818111126",52.635400462533,-8.6735236644745,https://www.limerick.ie/discover/living/in-your-community/childrens-services/mental-health/pieta-house-mid-west
Presentation Galvone National School Home School Liaison Scheme,children,"Presentation Galvone National School, Roxboro Road, Limerick",Limerick City,+353 61 417204,52.649874073968,-8.6134851817042,https://www.limerick.ie/discover/living/your-community/community-services/children/presentation-galvone-national-school
Probation Service,offenders-ex-offenders,"Theatre Court, 15 Lower Mallow Street, Limerick V94 TKF8",Limerick City,+353 61 206320,52.6604302,-8.6311869,https://www.limerick.ie/discover/living/in-your-community/community-services/offenders-ex-offenders/probation-service
QPTech Recruitment & Consultancy,employment,"Chandler House, Henry Street, Limerick, V94 V1YP",Limerick City,+353 61 209510,52.662496615031,-8.6301211652896,https://www.limerick.ie/discover/living/in-your-community/community-services/employment/qptech-recruitment-consultancy
Rainbows Ireland,childrens-services,Head Office is based in Dublin.,,01 4734175 / 087 351 0898,,,https://www.limerick.ie/discover/living/in-your-community/community-services/childrens-services/rainbows-ireland
Rape Crisis Midwest,counselling,"Phoenix House, Punch's Close, Rosbrien Road, Limerick",Limerick City,"1800 311511, +353 61 311511",52.649742215379,-8.6345779895782,https://www.limerick.ie/discover/living/in-your-community/community-services/counselling/rape-crisis-midwest
Rathkeale Community Arts Group,,"Rathkeale Arts Centre, Rathkeale Library, Rathkeale, Co. Limerick.",Rathkeale,+353 86 1249955,52.5238067,-8.9370966,https://www.limerick.ie/discover/living/your-community/local-services/arts-organisations/rathkeale-community-arts-group
Rathkeale Community Council,,"Rathkeale Community Council, Community Centre, The Square, Rathkeale, Co. Limerick V94 V6R6",Rathkeale,,,,https://www.limerick.ie/discover/living/your-community/local-services/organisations/rathkeale-community-council
Rathkeale Youth Diversion Project,,"Rathkeale Community Centre, Rathkeale, Co Limerick, V94 V6R6",,"+353 86 0100908, +353 86 7804392, +353 86 0477481",52.523130308039,-8.9449706109172,https://www.limerick.ie/discover/living/in-your-community/childrens-services/rathkeale-youth-diversion-project
Rathkeale Youth Space,youth,"Abbey Court, Rathkeale, Co. Limerick. V94 K6K7",Rathkeale,+353 69 64601,52.5229397,-8.931151,https://www.limerick.ie/discover/living/in-your-community/community-services/youth/rathkeale-youth-space
Ray Wallace Counselling,counselling,"5 Heron Court, North Circular Road, Limerick",Limerick City,+353 87 8263451,52.6616151,-8.6545967,https://www.limerick.ie/discover/living/your-community/community-services/counselling/ray-wallace-counselling
Red Hill School,,"Patrickswell, Co. Limerick.",Limerick City,+353 61 215760,52.6156934,-8.6853264,https://www.limerick.ie/discover/living/in-your-community/local-services/schools/red-hill-school
RehabCare,people-disabilities,"Parnell Place, Parnell Street, Limerick",Limerick City,+353 61 312876,52.659526920815,-8.6251029,https://www.limerick.ie/discover/living/your-community/community-services/people-disabilities/rehabcare
Resolve Counselling Centre,,"76 Sexton Street, Thomondgate, Limerick",Limerick City,+353 85 7408918,52.671836920825,-8.634874,https://www.limerick.ie/discover/living/your-community/childrens-services/mental-health/resolve-counselling-centre
Respond! Housing Association,housing,"Respond! Housing Association, Balygrennan Close, Moyross, Limerick V94 NNX4",Limerick City,"+353 1 8087700, +353 51 840200",52.6835022,-8.6493715,https://www.limerick.ie/discover/living/your-community/community-services/housing/respond-housing-association
Robert Rackley Autism Psychotherapy,counselling,"Unit 8 Excel Centre, Mount Kenneth Place, Limerick",Limerick City,+353 83 3206162,,,https://www.limerick.ie/discover/living/your-community/community-services/counselling/robert-rackley-autism-psychotherapy
Rural Employment & Education Service,employment,"St. Mary's Road, Newcastle West, Co. Limerick",Newcastle West,+353 69 61316,52.4487133,-9.0539397,https://www.limerick.ie/discover/living/your-community/community-services/employment/rural-employment-education-service
Samaritans,counselling,"20 Barrington Street, Limerick V94 AC60",Limerick City,"Free Call 116 123, 0330 094 5717 (local call charges apply)",52.6581009,-8.6311237,https://www.limerick.ie/discover/living/in-your-community/community-services/counselling/samaritans
Saoirse Addiction Treatment Center,addiction,"Saoirse Addiction Treatment Center, Old Clare Street, Limerick City, V94X4X9",Limerick City,+353 85 8184590,52.665372344043,-8.6167480162572,https://www.limerick.ie/discover/living/in-your-community/community-services/addiction/saoirse-addiction-treatment-center
Scouting Ireland Limerick,childrens-services,Various Locations in Limerick,,,,,https://www.limerick.ie/discover/living/in-your-community/community-services/childrens-services/scouting-ireland-limerick
Shannondoc,,Postal Address: Call Centre St Camillus Hospital Shelbourne Road Limerick,Limerick City,0818 123500,52.6687305,-8.6410060000001,https://www.limerick.ie/discover/living/in-your-community/local-services/health/general-practitioners/shannondoc
Share a Dream Foundation,,"Share A Dream Foundation, Unit 6, Park Point, Dublin Road, Castletroy, Limerick, Co. Limerick, V94 V32N",Limerick City,+353 61 200080,52.672264178942,-8.5559248924255,https://www.limerick.ie/share-a-dream-foundation
Sophia Housing & Family Support,housing,"Sophia Head Office, 25 Cork St., Dublin 8 D08 YD91",,+353 1 473 8300,52.6446822,-8.613866,https://www.limerick.ie/discover/living/your-community/community-services/housing/sophia-housing-family-support
Sophie's Journey Foundation,,"Rhebogue, Limerick",Limerick City,+353 (0) 87 764 2550,52.6680204,-8.6304975,https://www.limerick.ie/sophies-journey-foundation
Southill Afterschools Club Ltd.,childcare,"O'Malley Park, Southill, Limerick",Limerick City,+353 61 603934,52.6456507,-8.60646,https://www.limerick.ie/discover/living/your-community/community-services/childcare/southill-afterschools-club-ltd
Southill Domestic Violence Project,domestic-abuse,"266-267 Avondale Court, O'Malley Pk, Southill, Limerick",Limerick City,+353 61 313025,52.6456534,-8.6080259,https://www.limerick.ie/discover/living/your-community/community-services/domestic-abuse/southill-domestic-violence-project
Southill Family Resource Centre,,"267-268 Avondale Court, O'Malley Park, Southill, Limerick, V94X998",Limerick City,+353 61 440250,52.6456731,-8.6080446999999,https://www.limerick.ie/southill-family-resource-centre
Southill Hub,,"O'Malley Park, Southill, Limerick V94 X431",Limerick City,+353 61 603710,52.646318329532,-8.6100840568542,https://www.limerick.ie/discover/living/in-your-community/community-services/southill-hub
Southill Junior School Home School Liaison Scheme,,"Southill Junior School, Southill, Limerick",Limerick City,+353 61 419879,52.646363591179,-8.608410442248,https://www.limerick.ie/southill-junior-school-home-school-liaison-scheme
Southill Outreach,youth,"5 Michael Street, Limerick, V94 36H3",Limerick City,+353 61 405966,52.649032114701,-8.6087109334767,https://www.limerick.ie/discover/living/in-your-community/community-services/youth/southill-outreach
Southside Child and Family Centre,childrens-services,"Roxboro Road, Galvone, Limerick, V94 725D",Limerick City,+353 61 319094,52.65551717486,-8.617702373077,https://www.limerick.ie/discover/living/in-your-community/community-services/childrens-services/child-family-support-3
Southside Youth Intervention Project,,"Southill Hub, Donough O Malley Park, Limerick V94 X431, Limerick, V94 X431",Limerick City,+353 86 0082041,52.661290970544,-8.6308497190475,https://www.limerick.ie/discover/living/in-your-community/childrens-services/child-family-support/southside-youth
St Munchin’s Community Centre,,"Kileely Court, Kileely, Limerick",Limerick City,+353 61 458651,52.673169920826,-8.6364644,https://www.limerick.ie/discover/living/in-your-community/local-services/st-munchins-community-centre
St. Gabriel's School & Centre,,"Crabtree House, Springfield Drive, Doradoyle, Limerick",Limerick City,+353 61 302733,52.637447871907,-8.6507947091013,https://www.limerick.ie/discover/living/your-community/local-services/schools/st-gabriels-school-centre
St. John's Youth Club,youth,"23 John's Street, Limerick",Limerick City,085 2164383,52.663872750091,-8.6184174435776,https://www.limerick.ie/discover/living/in-your-community/community-services/youth/st-johns-youth-club
St. Mary's Youth Club,youth,"St. Munchin's Action Centre, C/O Limerick Youth Service, Lower Glentworth Street, Limerick",Limerick City,+353 61 412444,52.66129097054394,-8.630849719047546,https://www.limerick.ie/discover/living/community-services/youth/st-marys-youth-club
St. Vincent de Paul - Mid-West Region,,"Ozanam House, Hartstonge Street, Limerick",Limerick City,+353 61 317327,52.6587086,-8.6302384000001,https://www.limerick.ie/discover/living/in-your-community/childrens-services/child-family-support/st-vincent-de-paul-mid
Stonehaven Psychotherapy Centre,counselling,"Barrack House, O'Connell Avenue, Limerick",Limerick City,"+353 86 2767266 (Marguerite McCormick), +353 87 6637701 (John Hartley), +353 87 4151412 (Fiona Clothier), +353 87 9949049 (Dawn Edge O'Neill), +353 86 2331956 (Michael Ryan)",52.6566855,-8.6339557,https://www.limerick.ie/discover/living/in-your-community/community-services/counselling/stonehaven-psychotherapy-centre
Suaimhneas,childrens-services,"29 Ballygrennan close, Moyross, Limerick, V94XP63",Limerick City,+353 87 0655234,52.683433005081,-8.6494266986847,https://www.limerick.ie/discover/living/in-your-community/community-services/childrens-services/suaimhneas
Sunny Lane - The Family Creche,childcare,"The Avenue, Castleconnell, Co. Limerick., Westbury Centre, Westbury, Corbally, Co. Limerick.",Castleconnell,+353 87 6228388,52.7137299,-8.5009193,https://www.limerick.ie/discover/living/your-community/community-services/childcare/sunny-lane-family-creche
Tait House,,"Tait House Community Enterprise, Collins Avenue, Roxboro Road, Limerick V94 NXT8",Limerick City,+353 61 415340,52.6451387,-8.6139000000001,https://www.limerick.ie/business/how-we-help/business-supports/tait-house
Talk Therapy Limerick,counselling,"24 Silver Birch Grove, Dooradoyle, Limerick",Limerick City,+353 89 2157719,52.6390246,-8.6476414,https://www.limerick.ie/discover/living/your-community/community-services/counselling/talk-therapy-limerick
The Alzheimer Society of Ireland,older-people-55,Limerick,Limerick City,1800 341 341,52.6680204,-8.6304975,https://www.limerick.ie/discover/living/your-community/community-services/older-people-55/alzheimer-society-ireland
The Butterfly Club,childrens-services,"Rathkeale Industrial Estate, Rathkeale, Ireland",Rathkeale,+353 86 2120023,,,https://www.limerick.ie/discover/living/in-your-community/community-services/childrens-services/child-family-support/the
The HUT @ Tall Trees After School Club,,"RollerJam, City East Business Park, Ballysimon, Limerick",Limerick City,+353 86 8550437,52.649462326027,-8.5781443119049,https://www.limerick.ie/discover/eat-see-do/family-friendly/clubs-classes/after-school-clubs/the-hut-tall-trees-after
The Nexus Innovation Centre,,"Tierney Building, University of Limerick, Limerick",Limerick City,+353 61 518376,52.6687383,-8.5745593,https://www.limerick.ie/business/how-we-help/business-supports/the-nexus-innovation-centre
The Yard Workspace,,"Market Place, Newcastle West, Co. Limerick V42 VW83",Newcastle West,+353 69 34808,,,https://www.limerick.ie/business/how-we-help/business-supports/yard-workspace
Thomond House,homeless-people,"Thomond House, Thomondgate, Limerick",Limerick City,+353 61 325011,52.67055896479,-8.6290982470382,https://www.limerick.ie/discover/living/in-your-community/community-services/homeless-people/thomond-house
Threshold Weekly Advice Service for Tenants,housing,"Limerick Citizens Information Service, Unit 2, Ground Floor, Riverstone House, 23/27 Henry Street, Limerick",Limerick City,1800 454 454,,,https://www.limerick.ie/discover/living/your-community/community-services/housing/threshold-weekly-advice-service-tenants
Time to Talk,counselling,"Crescent Counselling & Psychotherapy Centre, 24 Silver Birch Grove, Dooradoyle, Limerick V94 CK73",Limerick City,+353 87 9791780,52.6390246,-8.6476414,https://www.limerick.ie/discover/living/in-your-community/community-services/counselling/time-to-talk
Treoir,parents-lone-parents,National Information Centre,Limerick City,+353 1 6700120,52.6680204,-8.6304975,https://www.limerick.ie/discover/living/your-community/community-services/parents-lone-parents/treoir
Tuesday Night Club,older-people-55,"Our Lady of Lourdes Action Centre, Childers Road, Rosbrien, Limerick",Limerick City,+353 61 228596,52.648427370772,-8.6328077316284,https://www.limerick.ie/discover/living/your-community/community-services/older-people-55/tuesday-night-club
TUS Limerick School of Art & Design,,"Clare Street, Limerick",Limerick City,"+353 61 293870, +353 61 293871",52.665178918102,-8.6133778095245,https://www.limerick.ie/discover/learning/learning-options/3rd-level-institutions/tus-limerick-school-of-art-design
Tusla,,"St. Joseph's Campus, Mulgrave St., Limerick, V94 159V",Limerick City,+353 61 607100,52.658154332355,-8.6148905754089,https://www.limerick.ie/tusla
Tusla Education Support Service (tess),education-training,"Houston Hall, Ballycummin Ave, Raheen Business Park, Limerick",Limerick City,+353 21 2428611,52.622577620788,-8.653615,https://www.limerick.ie/discover/living/in-your-community/community-services/education-training/tusla-education-support
WCI - Limerick,equality-diversity,"28 John Street, Limerick",,+353 87 3283746,52.663977561068,-8.6185306834466,https://www.limerick.ie/discover/living/in-your-community/community-services/equality-diversity/wci-limerick
West Limerick Resources Jobs Club,employment,"Round House, St. Mary's Road, Newcastle West, Co. Limerick",Limerick City,"+353 69 77664, +353 87 1472330",52.4489843,-9.0530794,https://www.limerick.ie/discover/living/your-community/community-services/employment/west-limerick-resources-jobs-club
West Limerick Resources Ltd,,"St Mary’s Road, Newcastle West, Co. Limerick",Newcastle West,+353 69 62222,52.44883353433,-9.0537160634995,https://www.limerick.ie/business/how-we-help/business-supports/west-limerick-resources-ltd
West Limerick Youth Diversion Project,childrens-services,"Office 1&2, Market Yard, Newcastle West, Co Limerick, V42 VW83",Newcastle West,+353 69 79789,52.451762864188,-9.0595257282257,https://www.limerick.ie/discover/living/in-your-community/community-services/childrens-services/west-limerick-youth
YAP Intensive Support Programme,childrens-services,"National Office, Lower Ground Floor Park House, 191-193A North Circular Road, Dublin 7",,+353 01 868 9180,,,https://www.limerick.ie/discover/living/in-your-community/community-services/childrens-services/child-family-support/yap
Young Person's Probation Service,,"Probation Service, Theatre Court, 15 Lower Mallow Street, Limerick., Limerick V94 TKF8",Limerick City,+353 61 206320,52.660581667494,-8.6309757828712,https://www.limerick.ie/discover/living/your-community/childrens-services/youth-justice/young-persons-probation-service
